disciplina,extensao,tamanho_mb,modificado_em,arquivo_relativo
_Compactadas,.zip,8.173,2026-06-09T10:39:38,_Compactadas\ARQ - PDF.zip
_Compactadas,.zip,34.185,2026-06-09T10:39:50,_Compactadas\ARQ-DWG.zip
_Compactadas,.zip,21.546,2026-06-09T10:49:10,_Compactadas\CLI.zip
_Compactadas,.zip,84.159,2026-06-09T10:49:09,_Compactadas\ELE.zip
_Compactadas,.zip,34.204,2026-06-09T10:40:13,_Compactadas\EST-PDF.zip
_Compactadas,.zip,310.156,2026-06-09T10:42:52,_Compactadas\EST.zip
_Compactadas,.zip,15.349,2026-06-09T10:49:09,_Compactadas\ETE.zip
_Compactadas,.zip,4.089,2026-06-09T10:41:06,_Compactadas\FUND.zip
_Compactadas,.zip,296.959,2026-06-09T10:52:34,_Compactadas\HID.zip
_Compactadas,.zip,254.627,2026-06-09T10:52:38,_Compactadas\INT.zip
_Compactadas,.zip,14.318,2026-06-09T10:50:00,_Compactadas\PAISAGISMO.zip
_Compactadas,.zip,46.4,2026-06-09T10:51:23,_Compactadas\PCI.zip
_Compactadas,.zip,8.852,2026-06-09T10:49:58,_Compactadas\PISCINA.zip
_Compactadas,.zip,3.696,2026-06-09T10:50:24,_Compactadas\SPDA.zip
_Compactadas,.zip,31.078,2026-06-09T10:54:16,_Compactadas\TEL.zip
ARQ,.ifc,838.532,2026-06-09T10:46:12,ARQ\AMS_FLOW_ARQ_AP_001_MOD_IFC_R13.ifc
ARQ,.dwg,3.322,2026-06-09T13:39:56,ARQ\DWG\AMS_FLOW_ARQ_AP_000_PIL_PLANTA_BAIXA_R12.dwg
ARQ,.dwg,1.363,2026-06-09T13:39:54,ARQ\DWG\AMS_FLOW_ARQ_AP_000_PIL_PLANTA_BAIXA_R13.dwg
ARQ,.dwg,2.798,2026-06-09T13:39:54,ARQ\DWG\AMS_FLOW_ARQ_AP_001_PAV_PLANTA_BAIXA_R12.dwg
ARQ,.dwg,2.72,2026-06-09T13:39:54,ARQ\DWG\AMS_FLOW_ARQ_AP_001_PAV_PLANTA_BAIXA_R13.dwg
ARQ,.dwg,2.82,2026-06-09T13:39:58,ARQ\DWG\AMS_FLOW_ARQ_AP_002_PAV_PLANTA_BAIXA_R12.dwg
ARQ,.dwg,2.665,2026-06-09T13:39:56,ARQ\DWG\AMS_FLOW_ARQ_AP_002_PAV_PLANTA_BAIXA_R13.dwg
ARQ,.dwg,2.798,2026-06-09T13:39:56,ARQ\DWG\AMS_FLOW_ARQ_AP_003_PAV_PLANTA_BAIXA_R12.dwg
ARQ,.dwg,2.72,2026-06-09T13:39:58,ARQ\DWG\AMS_FLOW_ARQ_AP_003_PAV_PLANTA_BAIXA_R13.dwg
ARQ,.dwg,2.68,2026-06-09T13:39:54,ARQ\DWG\AMS_FLOW_ARQ_AP_004_INT_PLANTA_BAIXA_R12.dwg
ARQ,.dwg,2.446,2026-06-09T13:39:56,ARQ\DWG\AMS_FLOW_ARQ_AP_004_INT_PLANTA_BAIXA_R13.dwg
ARQ,.dwg,2.059,2026-06-09T13:39:58,ARQ\DWG\AMS_FLOW_ARQ_AP_005_COB_PLANTA_BAIXA_R11.dwg
ARQ,.dwg,1.771,2026-06-09T13:39:54,ARQ\DWG\AMS_FLOW_ARQ_AP_005_COB_PLANTA_BAIXA_R13.dwg
ARQ,.dwg,1.766,2026-06-09T13:39:56,ARQ\DWG\AMS_FLOW_ARQ_AP_006_BAR_PLANTA_BAIXA_R12.dwg
ARQ,.dwg,1.39,2026-06-09T13:39:56,ARQ\DWG\AMS_FLOW_ARQ_AP_006_BAR_PLANTA_BAIXA_R13.dwg
ARQ,.dwg,2.059,2026-06-09T13:39:56,ARQ\DWG\AMS_FLOW_ARQ_AP_006_DOC_COBERTURA_R11.dwg
ARQ,.dwg,1.864,2026-06-09T13:39:56,ARQ\DWG\AMS_FLOW_ARQ_AP_007_RES_PLANTA_BAIXA_R12.dwg
ARQ,.dwg,1.477,2026-06-09T13:39:54,ARQ\DWG\AMS_FLOW_ARQ_AP_007_RES_PLANTA_BAIXA_R13.dwg
ARQ,.dwg,4.114,2026-06-09T13:39:58,ARQ\DWG\AMS_FLOW_ARQ_AP_008_COR_CORTE_R12.dwg
ARQ,.dwg,4.114,2026-06-09T13:39:54,ARQ\DWG\AMS_FLOW_ARQ_AP_008_COR_CORTE_R13.dwg
ARQ,.pdf,0.719,2026-06-09T13:39:46,ARQ\PDF\AMS_FLOW_ARQ_AP_000_PIL_PLANTA_BAIXA_R12.pdf
ARQ,.pdf,1.113,2026-06-09T13:39:46,ARQ\PDF\AMS_FLOW_ARQ_AP_001_PAV_PLANTA_BAIXA_R12.pdf
ARQ,.pdf,1.03,2026-06-09T13:39:46,ARQ\PDF\AMS_FLOW_ARQ_AP_002_PAV_PLANTA_BAIXA_R12.pdf
ARQ,.pdf,0.984,2026-06-09T13:39:46,ARQ\PDF\AMS_FLOW_ARQ_AP_003_PAV_PLANTA_BAIXA_R12.pdf
ARQ,.pdf,0.77,2026-06-09T13:39:46,ARQ\PDF\AMS_FLOW_ARQ_AP_004_INT_PLANTA_BAIXA_R12.pdf
ARQ,.pdf,0.464,2026-06-09T13:39:46,ARQ\PDF\AMS_FLOW_ARQ_AP_005_COB_PLANTA_BAIXA_R11.pdf
ARQ,.pdf,0.297,2026-06-09T13:39:46,ARQ\PDF\AMS_FLOW_ARQ_AP_006_BAR_PLANTA_BAIXA_R12.pdf
ARQ,.pdf,3.544,2026-06-09T13:39:46,ARQ\PDF\AMS_FLOW_ARQ_AP_008_COR_CORTE_R12.pdf
CLI,.dwg,0.256,2026-06-09T13:47:10,CLI\030 - EP - Estudo Preliminar\DWG\AMS_FLOW_CLI_EP_001_TER_PLANTA_BAIXA_R01.dwg
CLI,.dwg,1.728,2026-06-09T13:47:12,CLI\030 - EP - Estudo Preliminar\DWG\AMS_FLOW_CLI_EP_002_PAV_PLANTA_BAIXA_R01.dwg
CLI,.dwg,1.37,2026-06-09T13:47:12,CLI\030 - EP - Estudo Preliminar\DWG\AMS_FLOW_CLI_EP_003_PAV_PLANTA_BAIXA_R01.dwg
CLI,.dwg,0.841,2026-06-09T13:47:12,CLI\030 - EP - Estudo Preliminar\DWG\AMS_FLOW_CLI_EP_004_PAV_PLANTA_BAIXA_R01.dwg
CLI,.dwg,0.717,2026-06-09T13:47:10,CLI\030 - EP - Estudo Preliminar\DWG\AMS_FLOW_CLI_EP_005_INT_PLANTA_BAIXA_R01.dwg
CLI,.dwg,0.647,2026-06-09T13:47:12,CLI\030 - EP - Estudo Preliminar\DWG\AMS_FLOW_CLI_EP_006_COB_PLANTA_BAIXA_R01.dwg
CLI,.dwg,0.276,2026-06-09T13:47:12,CLI\030 - EP - Estudo Preliminar\DWG\AMS_FLOW_CLI_EP_007_RES_PLANTA_BAIXA_R01.dwg
CLI,.dwg,0.7,2026-06-09T13:47:10,CLI\030 - EP - Estudo Preliminar\DWG\AMS_FLOW_CLI_EP_01_TER_PLANTA BAIXA_R00.dwg
CLI,.dwg,2.029,2026-06-09T13:47:10,CLI\030 - EP - Estudo Preliminar\DWG\AMS_FLOW_CLI_EP_02_1PAV_PLANTA BAIXA_R00.dwg
CLI,.dwg,1.378,2026-06-09T13:47:10,CLI\030 - EP - Estudo Preliminar\DWG\AMS_FLOW_CLI_EP_03_2PAV_PLANTA BAIXA_R00.dwg
CLI,.dwg,0.832,2026-06-09T13:47:08,CLI\030 - EP - Estudo Preliminar\DWG\AMS_FLOW_CLI_EP_04_3PAV_PLANTA BAIXA_R00.dwg
CLI,.dwg,0.707,2026-06-09T13:47:10,CLI\030 - EP - Estudo Preliminar\DWG\AMS_FLOW_CLI_EP_05_INT_PLANTA BAIXA_R00.dwg
CLI,.dwg,0.609,2026-06-09T13:47:08,CLI\030 - EP - Estudo Preliminar\DWG\AMS_FLOW_CLI_EP_06_COB_PLANTA BAIXA_R00.dwg
CLI,.dwg,0.466,2026-06-09T13:47:08,CLI\030 - EP - Estudo Preliminar\DWG\AMS_FLOW_CLI_EP_07_RES_PLANTA BAIXA_R00.dwg
CLI,.pdf,1.787,2026-06-09T13:47:12,CLI\030 - EP - Estudo Preliminar\PDF\AMS_FLOW_CLI_EP_001_TER_PLANTA_BAIXA_R01.pdf
CLI,.pdf,2.479,2026-06-09T13:47:10,CLI\030 - EP - Estudo Preliminar\PDF\AMS_FLOW_CLI_EP_002_PAV_PLANTA_BAIXA_R01.pdf
CLI,.pdf,1.892,2026-06-09T13:47:10,CLI\030 - EP - Estudo Preliminar\PDF\AMS_FLOW_CLI_EP_003_PAV_PLANTA_BAIXA_R01.pdf
CLI,.pdf,1.994,2026-06-09T13:47:10,CLI\030 - EP - Estudo Preliminar\PDF\AMS_FLOW_CLI_EP_004_PAV_PLANTA_BAIXA_R01.pdf
CLI,.pdf,1.606,2026-06-09T13:47:10,CLI\030 - EP - Estudo Preliminar\PDF\AMS_FLOW_CLI_EP_005_INT_PLANTA_BAIXA_R01.pdf
CLI,.pdf,1.525,2026-06-09T13:47:10,CLI\030 - EP - Estudo Preliminar\PDF\AMS_FLOW_CLI_EP_006_COB_PLANTA_BAIXA_R01.pdf
CLI,.pdf,0.648,2026-06-09T13:47:10,CLI\030 - EP - Estudo Preliminar\PDF\AMS_FLOW_CLI_EP_007_RES_PLANTA_BAIXA_R01.pdf
CLI,.pdf,1.987,2026-06-09T13:47:10,CLI\030 - EP - Estudo Preliminar\PDF\AMS_FLOW_CLI_EP_01_TER_PLANTA BAIXA_R00.pdf
CLI,.pdf,2.43,2026-06-09T13:47:10,CLI\030 - EP - Estudo Preliminar\PDF\AMS_FLOW_CLI_EP_02_1PAV_PLANTA BAIXA_R00.pdf
CLI,.pdf,1.845,2026-06-09T13:47:10,CLI\030 - EP - Estudo Preliminar\PDF\AMS_FLOW_CLI_EP_03_2PAV_PLANTA BAIXA_R00.pdf
CLI,.pdf,1.944,2026-06-09T13:47:10,CLI\030 - EP - Estudo Preliminar\PDF\AMS_FLOW_CLI_EP_04_3PAV_PLANTA BAIXA_R00.pdf
CLI,.pdf,1.562,2026-06-09T13:47:10,CLI\030 - EP - Estudo Preliminar\PDF\AMS_FLOW_CLI_EP_05_INT_PLANTA BAIXA_R00.pdf
CLI,.pdf,1.474,2026-06-09T13:47:12,CLI\030 - EP - Estudo Preliminar\PDF\AMS_FLOW_CLI_EP_06_COB_PLANTA BAIXA_R00.pdf
CLI,.pdf,0.618,2026-06-09T13:47:08,CLI\030 - EP - Estudo Preliminar\PDF\AMS_FLOW_CLI_EP_07_RES_PLANTA BAIXA_R00.pdf
CLI,.pdf,0.195,2026-06-09T13:47:08,CLI\030 - EP - Estudo Preliminar\PDF\AMS_FLOW_CLI_EP_DOC_ESTUDO PRELIMINAR_R00.pdf
ELETRICA,.dwg,1.911,2026-06-09T13:47:22,ELETRICA\040 - AP - Anteprojeto\DWG\AMS_FLOW_ELE_AP_001_TER_PLANTA_BAIXA_R00.dwg
ELETRICA,.dwg,2.27,2026-06-09T13:47:24,ELETRICA\040 - AP - Anteprojeto\DWG\AMS_FLOW_ELE_AP_001_TER_PLANTA_BAIXA_R01.dwg
ELETRICA,.dwg,3.884,2026-06-09T13:47:24,ELETRICA\040 - AP - Anteprojeto\DWG\AMS_FLOW_ELE_AP_002_PAV_PLANTA_BAIXA_R00.dwg
ELETRICA,.dwg,2.99,2026-06-09T13:47:24,ELETRICA\040 - AP - Anteprojeto\DWG\AMS_FLOW_ELE_AP_002_PAV_PLANTA_BAIXA_R01.dwg
ELETRICA,.dwg,3.289,2026-06-09T13:47:24,ELETRICA\040 - AP - Anteprojeto\DWG\AMS_FLOW_ELE_AP_003_PAV_PLANTA_BAIXA_R00.dwg
ELETRICA,.dwg,2.829,2026-06-09T13:47:26,ELETRICA\040 - AP - Anteprojeto\DWG\AMS_FLOW_ELE_AP_003_PAV_PLANTA_BAIXA_R01.dwg
ELETRICA,.dwg,2.035,2026-06-09T13:47:24,ELETRICA\040 - AP - Anteprojeto\DWG\AMS_FLOW_ELE_AP_004_PAV_PLANTA_BAIXA_R00.dwg
ELETRICA,.dwg,2.331,2026-06-09T13:47:26,ELETRICA\040 - AP - Anteprojeto\DWG\AMS_FLOW_ELE_AP_004_PAV_PLANTA_BAIXA_R01.dwg
ELETRICA,.dwg,1.468,2026-06-09T13:47:24,ELETRICA\040 - AP - Anteprojeto\DWG\AMS_FLOW_ELE_AP_005_BAR_PLANTA_BAIXA_R00.dwg
ELETRICA,.dwg,1.831,2026-06-09T13:47:24,ELETRICA\040 - AP - Anteprojeto\DWG\AMS_FLOW_ELE_AP_005_BAR_PLANTA_BAIXA_R01.dwg
ELETRICA,.ifc,99.61,2026-06-09T13:47:32,ELETRICA\040 - AP - Anteprojeto\IFC\AMS_FLOW_ELE_AP_001_MOD_IFC_R00.ifc
ELETRICA,.ifc,107.703,2026-06-09T13:47:38,ELETRICA\040 - AP - Anteprojeto\IFC\AMS_FLOW_ELE_AP_001_MOD_IFC_R01.ifc
ELETRICA,.pdf,8.486,2026-06-09T13:47:28,ELETRICA\040 - AP - Anteprojeto\PDF\AMS_FLOW_ELE_AP_001_TER_PLANTA_BAIXA_R00.pdf
ELETRICA,.pdf,8.851,2026-06-09T13:47:28,ELETRICA\040 - AP - Anteprojeto\PDF\AMS_FLOW_ELE_AP_001_TER_PLANTA_BAIXA_R01.pdf
ELETRICA,.pdf,4.656,2026-06-09T13:47:28,ELETRICA\040 - AP - Anteprojeto\PDF\AMS_FLOW_ELE_AP_002_PAV_PLANTA_BAIXA_R00.pdf
ELETRICA,.pdf,4.435,2026-06-09T13:47:26,ELETRICA\040 - AP - Anteprojeto\PDF\AMS_FLOW_ELE_AP_002_PAV_PLANTA_BAIXA_R01.pdf
ELETRICA,.pdf,3.956,2026-06-09T13:47:26,ELETRICA\040 - AP - Anteprojeto\PDF\AMS_FLOW_ELE_AP_003_PAV_PLANTA_BAIXA_R00.pdf
ELETRICA,.pdf,3.685,2026-06-09T13:47:26,ELETRICA\040 - AP - Anteprojeto\PDF\AMS_FLOW_ELE_AP_003_PAV_PLANTA_BAIXA_R01.pdf
ELETRICA,.pdf,4.303,2026-06-09T13:47:26,ELETRICA\040 - AP - Anteprojeto\PDF\AMS_FLOW_ELE_AP_004_PAV_PLANTA_BAIXA_R00.pdf
ELETRICA,.pdf,3.54,2026-06-09T13:47:26,ELETRICA\040 - AP - Anteprojeto\PDF\AMS_FLOW_ELE_AP_004_PAV_PLANTA_BAIXA_R01.pdf
ELETRICA,.pdf,2.472,2026-06-09T13:47:24,ELETRICA\040 - AP - Anteprojeto\PDF\AMS_FLOW_ELE_AP_005_BAR_PLANTA_BAIXA_R00.pdf
ELETRICA,.pdf,2.554,2026-06-09T13:47:22,ELETRICA\040 - AP - Anteprojeto\PDF\AMS_FLOW_ELE_AP_005_BAR_PLANTA_BAIXA_R01.pdf
EST,.dwg,0.29,2026-06-09T13:40:26,EST\DWG\AMS_FLOW_EST_AP_001_TER_FORMA DO PISO DO TÉRREO (BLOCO A)_R01.dwg
EST,.dwg,0.33,2026-06-09T13:40:26,EST\DWG\AMS_FLOW_EST_AP_002_1PAV_FORMA DO PISO DO 1º TIPO (BLOCO A)_R01.dwg
EST,.dwg,0.359,2026-06-09T13:40:26,EST\DWG\AMS_FLOW_EST_AP_002_1PAV_FORMA DO PISO DO 1º TIPO (BLOCO A)_R02.dwg
EST,.dwg,0.246,2026-06-09T13:40:26,EST\DWG\AMS_FLOW_EST_AP_003_2PAV_FORMA DO PISO DO 2º TIPO (BLOCO A)_R01.dwg
EST,.dwg,0.304,2026-06-09T13:40:26,EST\DWG\AMS_FLOW_EST_AP_003_2PAV_FORMA DO PISO DO 2º TIPO (BLOCO A)_R02.dwg
EST,.dwg,0.284,2026-06-09T13:40:26,EST\DWG\AMS_FLOW_EST_AP_004_3PAV_FORMA DO PISO DO 3º TIPO (BLOCO A)_R01.dwg
EST,.dwg,0.32,2026-06-09T13:40:26,EST\DWG\AMS_FLOW_EST_AP_004_3PAV_FORMA DO PISO DO 3º TIPO (BLOCO A)_R02.dwg
EST,.dwg,0.299,2026-06-09T13:40:26,EST\DWG\AMS_FLOW_EST_AP_005_INT_FORMA DO PISO DO INTERMEDIÁRIO (BLOCO A)_R01.dwg
EST,.dwg,0.352,2026-06-09T13:40:28,EST\DWG\AMS_FLOW_EST_AP_005_INT_FORMA DO PISO DO INTERMEDIÁRIO (BLOCO A)_R02.dwg
EST,.dwg,0.33,2026-06-09T13:40:26,EST\DWG\AMS_FLOW_EST_AP_006_COB_FORMA DO PISO DA COBERTURA (BLOCO A)_R01.dwg
EST,.dwg,0.346,2026-06-09T13:40:26,EST\DWG\AMS_FLOW_EST_AP_006_COB_FORMA DO PISO DA COBERTURA (BLOCO A)_R02.dwg
EST,.dwg,0.255,2026-06-09T13:40:26,"EST\DWG\AMS_FLOW_EST_AP_007_BAR_FORMA DO PISO DO BARRILETE, CASA DE MÁQUINAS, FUNDO E TAMPA DA CAIXA D'ÁGUA (BLOCO A)_R01.dwg"
EST,.dwg,0.277,2026-06-09T13:40:26,"EST\DWG\AMS_FLOW_EST_AP_007_BAR_FORMA DO PISO DO BARRILETE, CASA DE MÁQUINAS, FUNDO E TAMPA DA CAIXA D'ÁGUA (BLOCO A)_R02.dwg"
EST,.dwg,0.251,2026-06-09T13:40:26,"EST\DWG\AMS_FLOW_EST_AP_007_BAR_FORMA DO PISO DO BARRILETE, FUNDO E TAMPA DA CAIXA D'ÁGUA (BLOCO A)_R02.dwg"
EST,.dwg,0.285,2026-06-09T13:40:26,EST\DWG\AMS_FLOW_EST_AP_008_TER_FORMA DO PISO DO TÉRREO (BLOCO B)_R01.dwg
EST,.dwg,0.341,2026-06-09T13:40:26,EST\DWG\AMS_FLOW_EST_AP_009_1PAV_FORMA DO PISO DO 1º TIPO (BLOCO B)_R01.dwg
EST,.dwg,0.315,2026-06-09T13:40:26,EST\DWG\AMS_FLOW_EST_AP_009_1PAV_FORMA DO PISO DO 1º TIPO (BLOCO B)_R02.dwg
EST,.dwg,0.277,2026-06-09T13:40:24,EST\DWG\AMS_FLOW_EST_AP_010_2PAV_FORMA DO PISO DO 2º TIPO (BLOCO B)_R01.dwg
EST,.dwg,0.284,2026-06-09T13:40:28,EST\DWG\AMS_FLOW_EST_AP_010_2PAV_FORMA DO PISO DO 2º TIPO (BLOCO B)_R02.dwg
EST,.dwg,0.312,2026-06-09T13:40:26,EST\DWG\AMS_FLOW_EST_AP_011_3PAV_FORMA DO PISO DO 3º TIPO (BLOCO B)_R01.dwg
EST,.dwg,0.313,2026-06-09T13:40:28,EST\DWG\AMS_FLOW_EST_AP_011_3PAV_FORMA DO PISO DO 3º TIPO (BLOCO B)_R02.dwg
EST,.dwg,0.326,2026-06-09T13:40:26,EST\DWG\AMS_FLOW_EST_AP_012_INT_FORMA DO PISO DO INTERMEDIÁRIO (BLOCO B)_R01.dwg
EST,.dwg,0.334,2026-06-09T13:40:28,EST\DWG\AMS_FLOW_EST_AP_012_INT_FORMA DO PISO DO INTERMEDIÁRIO (BLOCO B)_R02.dwg
EST,.dwg,0.343,2026-06-09T13:40:26,EST\DWG\AMS_FLOW_EST_AP_013_COB_FORMA DO PISO DA COBERTURA (BLOCO B)_R01.dwg
EST,.dwg,0.34,2026-06-09T13:40:26,EST\DWG\AMS_FLOW_EST_AP_013_COB_FORMA DO PISO DA COBERTURA (BLOCO B)_R02.dwg
EST,.dwg,0.285,2026-06-09T13:40:26,"EST\DWG\AMS_FLOW_EST_AP_014_BAR_FORMA DO PISO DO BARRILETE, CASA DE MÁQUINAS, FUNDO E TAMPA DA CAIXA D'ÁGUA (BLOCO B)_R01.dwg"
EST,.dwg,0.28,2026-06-09T13:40:26,"EST\DWG\AMS_FLOW_EST_AP_014_BAR_FORMA DO PISO DO BARRILETE, CASA DE MÁQUINAS, FUNDO E TAMPA DA CAIXA D'ÁGUA (BLOCO B)_R02.dwg"
EST,.dwg,0.255,2026-06-09T13:40:28,"EST\DWG\AMS_FLOW_EST_AP_014_BAR_FORMA DO PISO DO BARRILETE, CASA DE MÁQUINAS, FUNDO E TAMPA DA CAIXA D'ÁGUA (BLOCO B)_R03.dwg"
EST,.dwg,0.276,2026-06-09T13:40:26,EST\DWG\AMS_FLOW_EST_AP_015_TER_FORMA DO PISO DO TÉRREO (BLOCO C)_R01.dwg
EST,.dwg,0.246,2026-06-09T13:40:24,EST\DWG\AMS_FLOW_EST_AP_016_1PAV_FORMA DO PISO DO 1º TIPO (BLOCO C)_R01.dwg
EST,.dwg,0.339,2026-06-09T13:40:26,EST\DWG\AMS_FLOW_EST_AP_016_1PAV_FORMA DO PISO DO 1º TIPO (BLOCO C)_R02.dwg
EST,.dwg,0.193,2026-06-09T13:40:24,EST\DWG\AMS_FLOW_EST_AP_017_2PAV_FORMA DO PISO DO 2º TIPO (BLOCO C)_R01.dwg
EST,.dwg,0.305,2026-06-09T13:40:28,EST\DWG\AMS_FLOW_EST_AP_017_2PAV_FORMA DO PISO DO 2º TIPO (BLOCO C)_R02.dwg
EST,.dwg,0.224,2026-06-09T13:40:24,EST\DWG\AMS_FLOW_EST_AP_018_3PAV_FORMA DO PISO DO 3º TIPO (BLOCO C)_R01.dwg
EST,.dwg,0.329,2026-06-09T13:40:28,EST\DWG\AMS_FLOW_EST_AP_018_3PAV_FORMA DO PISO DO 3º TIPO (BLOCO C)_R02.dwg
EST,.dwg,0.238,2026-06-09T13:40:24,EST\DWG\AMS_FLOW_EST_AP_019_INT_FORMA DO PISO DO INTERMEDIÁRIO (BLOCO C)_R01.dwg
EST,.dwg,0.343,2026-06-09T13:40:28,EST\DWG\AMS_FLOW_EST_AP_019_INT_FORMA DO PISO DO INTERMEDIÁRIO (BLOCO C)_R02.dwg
EST,.dwg,0.334,2026-06-09T13:40:26,EST\DWG\AMS_FLOW_EST_AP_020_COB_FORMA DO PISO DA COBERTURA (BLOCO C)_R01.dwg
EST,.dwg,0.252,2026-06-09T13:40:26,EST\DWG\AMS_FLOW_EST_AP_020_COB_FORMA DO PISO DA COBERTURA (BLOCO C)_R02.dwg
EST,.dwg,0.278,2026-06-09T13:40:28,"EST\DWG\AMS_FLOW_EST_AP_021_BAR_FORMA DO PISO DO BARRILETE,  FUNDO E TAMPA DA CAIXA D'ÁGUA (BLOCO C)_R02.dwg"
EST,.dwg,0.188,2026-06-09T13:40:24,"EST\DWG\AMS_FLOW_EST_AP_021_BAR_FORMA DO PISO DO BARRILETE, CASA DE MÁQUINAS, FUNDO E TAMPA DA CAIXA D'ÁGUA (BLOCO C)_R01.dwg"
EST,.dwg,0.275,2026-06-09T13:40:26,EST\DWG\AMS_FLOW_EST_AP_022_TER_FORMA DO PISO DO TÉRREO (BLOCO D)_R01.dwg
EST,.dwg,0.304,2026-06-09T13:40:24,EST\DWG\AMS_FLOW_EST_AP_023_1PAV_FORMA DO PISO DO 1º TIPO (BLOCO D)_R01.dwg
EST,.dwg,0.307,2026-06-09T13:40:26,EST\DWG\AMS_FLOW_EST_AP_023_1PAV_FORMA DO PISO DO 1º TIPO (BLOCO D)_R02.dwg
EST,.dwg,0.273,2026-06-09T13:40:26,EST\DWG\AMS_FLOW_EST_AP_024_2PAV_FORMA DO PISO DO 2º TIPO (BLOCO D)_R01.dwg
EST,.dwg,0.293,2026-06-09T13:40:28,EST\DWG\AMS_FLOW_EST_AP_024_2PAV_FORMA DO PISO DO 2º TIPO (BLOCO D)_R02.dwg
EST,.dwg,0.289,2026-06-09T13:40:24,EST\DWG\AMS_FLOW_EST_AP_025_3PAV_FORMA DO PISO DO 3º TIPO (BLOCO D)_R01.dwg
EST,.dwg,0.305,2026-06-09T13:40:26,EST\DWG\AMS_FLOW_EST_AP_025_3PAV_FORMA DO PISO DO 3º TIPO (BLOCO D)_R02.dwg
EST,.dwg,0.297,2026-06-09T13:40:26,EST\DWG\AMS_FLOW_EST_AP_026_INT_FORMA DO PISO DO INTERMEDIÁRIO (BLOCO D)_R01.dwg
EST,.dwg,0.323,2026-06-09T13:40:26,EST\DWG\AMS_FLOW_EST_AP_026_INT_FORMA DO PISO DO INTERMEDIÁRIO (BLOCO D)_R02.dwg
EST,.dwg,0.334,2026-06-09T13:40:26,EST\DWG\AMS_FLOW_EST_AP_027_COB_FORMA DO PISO DA COBERTURA (BLOCO D)_R01.dwg
EST,.dwg,0.322,2026-06-09T13:40:26,EST\DWG\AMS_FLOW_EST_AP_027_COB_FORMA DO PISO DA COBERTURA (BLOCO D)_R02.dwg
EST,.dwg,0.28,2026-06-09T13:40:26,"EST\DWG\AMS_FLOW_EST_AP_028_BAR_FORMA DO PISO DO BARRILETE,  FUNDO E TAMPA DA CAIXA D'ÁGUA (BLOCO D)_R02.dwg"
EST,.dwg,0.283,2026-06-09T13:40:26,"EST\DWG\AMS_FLOW_EST_AP_028_BAR_FORMA DO PISO DO BARRILETE, CASA DE MÁQUINAS, FUNDO E TAMPA DA CAIXA D'ÁGUA (BLOCO D)_R01.dwg"
EST,.ifc,2.237,2026-06-09T13:40:26,EST\IFC\AMS_FLOW_EST_AP_001_MOD_MODELO IFC_R01.ifc
EST,.rvt,18.91,2026-06-09T13:40:28,EST\IFC\AMS_FLOW_EST_AP_001_MOD_MODELO IFC_R01.rvt
EST,.ifc,6.349,2026-06-09T13:40:26,EST\IFC\AMS_FLOW_EST_AP_001_MOD_MODELO IFC_R02.ifc
EST,.rvt,45.855,2026-06-09T13:40:32,EST\IFC\AMS_FLOW_EST_AP_001_MOD_MODELO IFC_R02.rvt
EST,.ifc,8.927,2026-06-09T13:40:28,EST\IFC\AMS_FLOW_EST_AP_001_MOD_MODELO IFC_R03.ifc
EST,.rvt,64.582,2026-06-09T13:40:52,EST\IFC\AMS_FLOW_EST_AP_001_MOD_MODELO IFC_R03.rvt
EST,.ifc,9.028,2026-06-09T13:40:28,EST\IFC\AMS_FLOW_EST_AP_001_MOD_MODELO IFC_R04.ifc
EST,.rvt,48.223,2026-06-09T13:40:36,EST\IFC\AMS_FLOW_EST_AP_001_MOD_MODELO IFC_R04.rvt
EST,.ifc,9.106,2026-06-09T13:40:32,EST\IFC\AMS_FLOW_EST_AP_001_MOD_MODELO IFC_R05.ifc
EST,.rvt,59.055,2026-06-09T13:40:42,EST\IFC\AMS_FLOW_EST_AP_001_MOD_MODELO IFC_R05.rvt
EST,.ifc,9.106,2026-06-09T13:40:30,EST\IFC\AMS_FLOW_EST_AP_001_MOD_MODELO IFC_R06.ifc
EST,.rvt,58.891,2026-06-09T13:40:46,EST\IFC\AMS_FLOW_EST_AP_001_MOD_MODELO IFC_R06.rvt
EST,.pdf,1.278,2026-06-09T13:40:20,EST\PDF\AMS_FLOW_EST_AP_001_TER_FORMA DO PISO DO TÉRREO (BLOCO A)_R01.pdf
EST,.pdf,1.538,2026-06-09T13:40:22,EST\PDF\AMS_FLOW_EST_AP_002_1PAV_FORMA DO PISO DO 1º TIPO (BLOCO A)_R02.pdf
EST,.pdf,1.173,2026-06-09T13:40:24,EST\PDF\AMS_FLOW_EST_AP_003_2PAV_FORMA DO PISO DO 2º TIPO (BLOCO A)_R02.pdf
EST,.pdf,1.334,2026-06-09T13:40:24,EST\PDF\AMS_FLOW_EST_AP_004_3PAV_FORMA DO PISO DO 3º TIPO (BLOCO A)_R02.pdf
EST,.pdf,1.502,2026-06-09T13:40:24,EST\PDF\AMS_FLOW_EST_AP_005_INT_FORMA DO PISO DO INTERMEDIÁRIO (BLOCO A)_R02.pdf
EST,.pdf,1.437,2026-06-09T13:40:22,EST\PDF\AMS_FLOW_EST_AP_006_COB_FORMA DO PISO DA COBERTURA (BLOCO A)_R02.pdf
EST,.pdf,1.156,2026-06-09T13:40:22,"EST\PDF\AMS_FLOW_EST_AP_007_BAR_FORMA DO PISO DO BARRILETE, CASA DE MÁQUINAS, FUNDO E TAMPA DA CAIXA D'ÁGUA (BLOCO A)_R02.pdf"
EST,.pdf,1.111,2026-06-09T13:40:24,"EST\PDF\AMS_FLOW_EST_AP_007_BAR_FORMA DO PISO DO BARRILETE, FUNDO E TAMPA DA CAIXA D'ÁGUA (BLOCO A)_R02.pdf"
EST,.pdf,1.465,2026-06-09T13:40:22,EST\PDF\AMS_FLOW_EST_AP_009_1PAV_FORMA DO PISO DO 1º TIPO (BLOCO B)_R02.pdf
EST,.pdf,1.205,2026-06-09T13:40:22,EST\PDF\AMS_FLOW_EST_AP_010_2PAV_FORMA DO PISO DO 2º TIPO (BLOCO B)_R02.pdf
EST,.pdf,1.394,2026-06-09T13:40:20,EST\PDF\AMS_FLOW_EST_AP_011_3PAV_FORMA DO PISO DO 3º TIPO (BLOCO B)_R02.pdf
EST,.pdf,1.498,2026-06-09T13:40:22,EST\PDF\AMS_FLOW_EST_AP_012_INT_FORMA DO PISO DO INTERMEDIÁRIO (BLOCO B)_R02.pdf
EST,.pdf,1.499,2026-06-09T13:40:22,EST\PDF\AMS_FLOW_EST_AP_013_COB_FORMA DO PISO DA COBERTURA (BLOCO B)_R02.pdf
EST,.pdf,1.134,2026-06-09T13:40:22,"EST\PDF\AMS_FLOW_EST_AP_014_BAR_FORMA DO PISO DO BARRILETE, CASA DE MÁQUINAS, FUNDO E TAMPA DA CAIXA D'ÁGUA (BLOCO B)_R03.pdf"
EST,.pdf,1.241,2026-06-09T13:40:22,EST\PDF\AMS_FLOW_EST_AP_015_TER_FORMA DO PISO DO TÉRREO (BLOCO C)_R01.pdf
EST,.pdf,1.467,2026-06-09T13:40:24,EST\PDF\AMS_FLOW_EST_AP_016_1PAV_FORMA DO PISO DO 1º TIPO (BLOCO C)_R02.pdf
EST,.pdf,1.218,2026-06-09T13:40:22,EST\PDF\AMS_FLOW_EST_AP_017_2PAV_FORMA DO PISO DO 2º TIPO (BLOCO C)_R02.pdf
EST,.pdf,1.365,2026-06-09T13:40:22,EST\PDF\AMS_FLOW_EST_AP_018_3PAV_FORMA DO PISO DO 3º TIPO (BLOCO C)_R02.pdf
EST,.pdf,1.509,2026-06-09T13:40:22,EST\PDF\AMS_FLOW_EST_AP_019_INT_FORMA DO PISO DO INTERMEDIÁRIO (BLOCO C)_R02.pdf
EST,.pdf,1.4,2026-06-09T13:40:20,EST\PDF\AMS_FLOW_EST_AP_020_COB_FORMA DO PISO DA COBERTURA (BLOCO C)_R02.pdf
EST,.pdf,1.134,2026-06-09T13:40:22,"EST\PDF\AMS_FLOW_EST_AP_021_BAR_FORMA DO PISO DO BARRILETE,  FUNDO E TAMPA DA CAIXA D'ÁGUA (BLOCO C)_R02.pdf"
EST,.pdf,1.133,2026-06-09T13:40:22,EST\PDF\AMS_FLOW_EST_AP_022_TER_FORMA DO PISO DO TÉRREO (BLOCO D)_R01.pdf
EST,.pdf,1.248,2026-06-09T13:40:22,EST\PDF\AMS_FLOW_EST_AP_023_1PAV_FORMA DO PISO DO 1º TIPO (BLOCO D)_R02.pdf
EST,.pdf,1.107,2026-06-09T13:40:20,EST\PDF\AMS_FLOW_EST_AP_024_2PAV_FORMA DO PISO DO 2º TIPO (BLOCO D)_R02.pdf
EST,.pdf,1.225,2026-06-09T13:40:22,EST\PDF\AMS_FLOW_EST_AP_025_3PAV_FORMA DO PISO DO 3º TIPO (BLOCO D)_R02.pdf
EST,.pdf,1.299,2026-06-09T13:40:24,EST\PDF\AMS_FLOW_EST_AP_026_INT_FORMA DO PISO DO INTERMEDIÁRIO (BLOCO D)_R02.pdf
EST,.pdf,1.341,2026-06-09T13:40:20,EST\PDF\AMS_FLOW_EST_AP_027_COB_FORMA DO PISO DA COBERTURA (BLOCO D)_R02.pdf
EST,.pdf,1.102,2026-06-09T13:40:22,"EST\PDF\AMS_FLOW_EST_AP_028_BAR_FORMA DO PISO DO BARRILETE,  FUNDO E TAMPA DA CAIXA D'ÁGUA (BLOCO D)_R02.pdf"
ETE,.pdf,4.055,2026-06-09T13:47:30,ETE\AMS_FLOW_ETE_PL_001_DOC_PROJETOETE_R00.pdf
ETE,.pdf,8.091,2026-06-09T13:47:30,ETE\AMS_FLOW_ETE_PL_002_DOC_MANUALDEOPERACAOOEMANUTENCAO_R00.pdf
ETE,.pdf,3.018,2026-06-09T13:47:30,ETE\AMS_FLOW_ETE_PL_003_DOC_MEMORIALDESCRITIVOEDECALCULO_R00.pdf
ETE,.pdf,0.165,2026-06-09T13:47:30,ETE\AMS_FLOW_ETE_PL_004_DOC_ART_R00.pdf
ETE,.pdf,0.402,2026-06-09T13:47:30,ETE\AMS_FLOW_ETE_PL_004_DOC_PLANODEMONITORAMENTOETE_R00.pdf
FUND,.dwg,0.125,2026-06-09T13:40:44,FUND\DWG\AMS_FLOW_FUN_AP_001_FUN_LOCAÇÃO DO CENTRO GEOMÉTRICO E CARGAS DOS PILARES (BLOCO A)_R01.dwg
FUND,.dwg,0.117,2026-06-09T13:40:44,FUND\DWG\AMS_FLOW_FUN_AP_002_FUN_LOCAÇÃO DO CENTRO GEOMÉTRICO E CARGAS DOS PILARES (BLOCO B)_R01.dwg
FUND,.dwg,0.212,2026-06-09T13:40:44,FUND\DWG\AMS_FLOW_FUN_AP_003_FUN_LOCAÇÃO DO CENTRO GEOMÉTRICO E CARGAS DOS PILARES (BLOCO C)_R01.dwg
FUND,.dwg,0.111,2026-06-09T13:40:44,FUND\DWG\AMS_FLOW_FUN_AP_004_FUN_LOCAÇÃO DO CENTRO GEOMÉTRICO E CARGAS DOS PILARES (BLOCO D)_R01.dwg
FUND,.dwg,0.304,2026-06-09T13:40:44,FUND\DWG\AMS_FLOW_FUN_AP_005_FUN_ESTAC_R01.dwg
FUND,.dwg,0.297,2026-06-09T13:40:44,FUND\DWG\AMS_FLOW_FUN_AP_006_FUN_ESTAC_R01.dwg
FUND,.dwg,0.375,2026-06-09T13:40:44,FUND\DWG\AMS_FLOW_FUN_AP_007_FUN_ESTAC_R01.dwg
FUND,.dwg,0.288,2026-06-09T13:40:44,FUND\DWG\AMS_FLOW_FUN_AP_008_FUN_ESTAC_R01.dwg
FUND,.pdf,0.493,2026-06-09T13:40:44,FUND\PDF\AMS_FLOW_FUN_AP_001_FUN_LOCAÇÃO DO CENTRO GEOMÉTRICO E CARGAS DOS PILARES (BLOCO A)_R01.pdf
FUND,.pdf,0.484,2026-06-09T13:40:44,FUND\PDF\AMS_FLOW_FUN_AP_002_FUN_LOCAÇÃO DO CENTRO GEOMÉTRICO E CARGAS DOS PILARES (BLOCO B)_R01.pdf
FUND,.pdf,0.726,2026-06-09T13:40:44,FUND\PDF\AMS_FLOW_FUN_AP_003_FUN_LOCAÇÃO DO CENTRO GEOMÉTRICO E CARGAS DOS PILARES (BLOCO C)_R01.pdf
FUND,.pdf,0.465,2026-06-09T13:40:44,FUND\PDF\AMS_FLOW_FUN_AP_004_FUN_LOCAÇÃO DO CENTRO GEOMÉTRICO E CARGAS DOS PILARES (BLOCO D)_R01.pdf
FUND,.pdf,0.13,2026-06-09T13:40:44,FUND\PDF\AMS_FLOW_FUN_AP_005_FUN_ESTAC_R01.pdf
FUND,.pdf,0.133,2026-06-09T13:40:44,FUND\PDF\AMS_FLOW_FUN_AP_006_FUN_ESTAC_R01.pdf
FUND,.pdf,0.173,2026-06-09T13:40:44,FUND\PDF\AMS_FLOW_FUN_AP_007_FUN_ESTAC_R01.pdf
FUND,.pdf,0.113,2026-06-09T13:40:44,FUND\PDF\AMS_FLOW_FUN_AP_008_FUN_ESTAC_R01.pdf
HID,.jpg,0.106,2026-06-09T13:47:46,HID\040 - AP - Anteprojeto\DWG\AMS_FLOW_HID_AP_001_MOD_MODELORVT_R01-LOGO-VERTICAL-TAGLINE-01-14712507.jpg
HID,.dwg,2.898,2026-06-09T13:47:46,HID\040 - AP - Anteprojeto\DWG\AMS_FLOW_HID_AP_001_TER_PLANTA_BAIXA_R00.dwg
HID,.dwg,3.343,2026-06-09T13:47:46,HID\040 - AP - Anteprojeto\DWG\AMS_FLOW_HID_AP_001_TER_PLANTA_BAIXA_R01.dwg
HID,.dwg,1.762,2026-06-09T13:47:46,HID\040 - AP - Anteprojeto\DWG\AMS_FLOW_HID_AP_002_TER_PLANTA_BAIXA_R00.dwg
HID,.dwg,1.784,2026-06-09T13:47:48,HID\040 - AP - Anteprojeto\DWG\AMS_FLOW_HID_AP_002_TER_PLANTA_BAIXA_R01.dwg
HID,.dwg,23.0,2026-06-09T13:48:00,HID\040 - AP - Anteprojeto\DWG\AMS_FLOW_HID_AP_003_PAV_PLANTA_BAIXA_R00.dwg
HID,.dwg,23.831,2026-06-09T13:48:08,HID\040 - AP - Anteprojeto\DWG\AMS_FLOW_HID_AP_003_PAV_PLANTA_BAIXA_R01.dwg
HID,.dwg,23.352,2026-06-09T13:48:02,HID\040 - AP - Anteprojeto\DWG\AMS_FLOW_HID_AP_004_PAV_PLANTA_BAIXA_R00.dwg
HID,.dwg,22.501,2026-06-09T13:48:06,HID\040 - AP - Anteprojeto\DWG\AMS_FLOW_HID_AP_004_PAV_PLANTA_BAIXA_R01.dwg
HID,.dwg,15.804,2026-06-09T13:48:04,HID\040 - AP - Anteprojeto\DWG\AMS_FLOW_HID_AP_005_PAV_PLANTA_BAIXA_R00.dwg
HID,.dwg,15.729,2026-06-09T13:47:56,HID\040 - AP - Anteprojeto\DWG\AMS_FLOW_HID_AP_005_PAV_PLANTA_BAIXA_R01.dwg
HID,.dwg,12.434,2026-06-09T13:47:50,HID\040 - AP - Anteprojeto\DWG\AMS_FLOW_HID_AP_006_INT_PLANTA_BAIXA_R00.dwg
HID,.dwg,12.563,2026-06-09T13:47:54,HID\040 - AP - Anteprojeto\DWG\AMS_FLOW_HID_AP_006_INT_PLANTA_BAIXA_R01.dwg
HID,.dwg,6.021,2026-06-09T13:47:48,HID\040 - AP - Anteprojeto\DWG\AMS_FLOW_HID_AP_007_COB_PLANTA_BAIXA_R00.dwg
HID,.dwg,6.561,2026-06-09T13:47:52,HID\040 - AP - Anteprojeto\DWG\AMS_FLOW_HID_AP_007_COB_PLANTA_BAIXA_R01.dwg
HID,.dwg,1.411,2026-06-09T13:47:46,HID\040 - AP - Anteprojeto\DWG\AMS_FLOW_HID_AP_008_BAR_PLANTA_BAIXA_R00.dwg
HID,.dwg,0.677,2026-06-09T13:47:44,HID\040 - AP - Anteprojeto\DWG\AMS_FLOW_HID_AP_009_RES_PLANTA_BAIXA_R00.dwg
HID,.dwg,1.333,2026-06-09T13:47:46,HID\040 - AP - Anteprojeto\DWG\AMS_FLOW_HID_AP_010_COB_PLANTA_BAIXA_R00.dwg
HID,.ifc,148.696,2026-06-09T13:48:16,HID\040 - AP - Anteprojeto\IFC\AMS_FLOW_HID_AP_001_MOD_MODELO_IFC_R00.ifc
HID,.ifc,186.859,2026-06-09T13:48:28,HID\040 - AP - Anteprojeto\IFC\AMS_FLOW_HID_AP_001_MOD_MODELO_IFC_R01.ifc
HID,.pdf,2.817,2026-06-09T13:47:46,HID\040 - AP - Anteprojeto\PDF\AMS_FLOW_HID_AP_001_TER_PLANTA_BAIXA_R00.pdf
HID,.pdf,2.084,2026-06-09T13:47:48,HID\040 - AP - Anteprojeto\PDF\AMS_FLOW_HID_AP_001_TER_PLANTA_BAIXA_R01.pdf
HID,.pdf,2.062,2026-06-09T13:47:46,HID\040 - AP - Anteprojeto\PDF\AMS_FLOW_HID_AP_002_TER_PLANTA_BAIXA_R00.pdf
HID,.pdf,1.681,2026-06-09T13:47:48,HID\040 - AP - Anteprojeto\PDF\AMS_FLOW_HID_AP_002_TER_PLANTA_BAIXA_R01.pdf
HID,.pdf,9.287,2026-06-09T13:47:52,HID\040 - AP - Anteprojeto\PDF\AMS_FLOW_HID_AP_003_PAV_PLANTA_BAIXA_R00.pdf
HID,.pdf,10.027,2026-06-09T13:48:02,HID\040 - AP - Anteprojeto\PDF\AMS_FLOW_HID_AP_003_PAV_PLANTA_BAIXA_R01.pdf
HID,.pdf,10.157,2026-06-09T13:47:50,HID\040 - AP - Anteprojeto\PDF\AMS_FLOW_HID_AP_004_PAV_PLANTA_BAIXA_R00.pdf
HID,.pdf,9.25,2026-06-09T13:47:54,HID\040 - AP - Anteprojeto\PDF\AMS_FLOW_HID_AP_004_PAV_PLANTA_BAIXA_R01.pdf
HID,.pdf,11.485,2026-06-09T13:47:58,HID\040 - AP - Anteprojeto\PDF\AMS_FLOW_HID_AP_005_PAV_PLANTA_BAIXA_R00.pdf
HID,.pdf,9.882,2026-06-09T13:47:58,HID\040 - AP - Anteprojeto\PDF\AMS_FLOW_HID_AP_005_PAV_PLANTA_BAIXA_R01.pdf
HID,.pdf,6.584,2026-06-09T13:47:48,HID\040 - AP - Anteprojeto\PDF\AMS_FLOW_HID_AP_006_INT_PLANTA_BAIXA_R00.pdf
HID,.pdf,5.793,2026-06-09T13:47:52,HID\040 - AP - Anteprojeto\PDF\AMS_FLOW_HID_AP_006_INT_PLANTA_BAIXA_R01.pdf
HID,.pdf,4.407,2026-06-09T13:47:46,HID\040 - AP - Anteprojeto\PDF\AMS_FLOW_HID_AP_007_COB_PLANTA_BAIXA_R00.pdf
HID,.pdf,3.812,2026-06-09T13:47:52,HID\040 - AP - Anteprojeto\PDF\AMS_FLOW_HID_AP_007_COB_PLANTA_BAIXA_R01.pdf
HID,.pdf,0.984,2026-06-09T13:47:44,HID\040 - AP - Anteprojeto\PDF\AMS_FLOW_HID_AP_008_BAR_PLANTA_BAIXA_R00.pdf
HID,.pdf,0.55,2026-06-09T13:47:44,HID\040 - AP - Anteprojeto\PDF\AMS_FLOW_HID_AP_009_RES_PLANTA_BAIXA_R00.pdf
HID,.pdf,0.89,2026-06-09T13:47:46,HID\040 - AP - Anteprojeto\PDF\AMS_FLOW_HID_AP_010_COB_PLANTA_BAIXA_R00.pdf
INTERIORES,.dwg,0.017,2026-06-09T13:48:02,INTERIORES\040 - AP - Anteprojeto\DWG\AMS_FLOW_INT_AP_001_DOC_TER_CLIMATIZAÇÃO_R02.dwg
INTERIORES,.dwg,5.036,2026-06-09T13:48:10,INTERIORES\040 - AP - Anteprojeto\DWG\AMS_FLOW_INT_AP_001_DOC_TER_CLIMATIZAÇÃO_R03.dwg
INTERIORES,.dwg,0.018,2026-06-09T13:48:02,INTERIORES\040 - AP - Anteprojeto\DWG\AMS_FLOW_INT_AP_001_DOC_TER_ELÉTRICO_R02.dwg
INTERIORES,.dwg,10.538,2026-06-09T13:48:14,INTERIORES\040 - AP - Anteprojeto\DWG\AMS_FLOW_INT_AP_001_DOC_TER_ELÉTRICO_R03.dwg
INTERIORES,.dwg,0.018,2026-06-09T13:48:04,INTERIORES\040 - AP - Anteprojeto\DWG\AMS_FLOW_INT_AP_001_DOC_TER_HIDROSSANITÁRIO_R02.dwg
INTERIORES,.dwg,10.462,2026-06-09T13:48:16,INTERIORES\040 - AP - Anteprojeto\DWG\AMS_FLOW_INT_AP_001_DOC_TER_HIDROSSANITÁRIO_R03.dwg
INTERIORES,.dwg,0.017,2026-06-09T13:48:00,INTERIORES\040 - AP - Anteprojeto\DWG\AMS_FLOW_INT_AP_001_DOC_TER_LAYOUT_R02.dwg
INTERIORES,.dwg,10.654,2026-06-09T13:48:12,INTERIORES\040 - AP - Anteprojeto\DWG\AMS_FLOW_INT_AP_001_DOC_TER_LAYOUT_R03.dwg
INTERIORES,.dwg,0.018,2026-06-09T13:48:02,INTERIORES\040 - AP - Anteprojeto\DWG\AMS_FLOW_INT_AP_001_DOC_TER_LUMINOTÉCNICO_R02.dwg
INTERIORES,.dwg,10.431,2026-06-09T13:48:16,INTERIORES\040 - AP - Anteprojeto\DWG\AMS_FLOW_INT_AP_001_DOC_TER_LUMINOTÉCNICO_R03.dwg
INTERIORES,.dwg,5.557,2026-06-09T13:47:58,INTERIORES\040 - AP - Anteprojeto\DWG\AMS_FLOW_INT_AP_001_DWG_TER_CLIMATIZAÇÃO_R01.dwg
INTERIORES,.dwg,10.484,2026-06-09T13:48:02,INTERIORES\040 - AP - Anteprojeto\DWG\AMS_FLOW_INT_AP_001_DWG_TER_ELÉTRICO_R01.dwg
INTERIORES,.dwg,10.213,2026-06-09T13:48:06,INTERIORES\040 - AP - Anteprojeto\DWG\AMS_FLOW_INT_AP_001_DWG_TER_HIDROSSANITÁRIO_R01.dwg
INTERIORES,.dwg,10.381,2026-06-09T13:48:04,INTERIORES\040 - AP - Anteprojeto\DWG\AMS_FLOW_INT_AP_001_DWG_TER_LAYOUT_R01.dwg
INTERIORES,.dwg,10.221,2026-06-09T13:48:08,INTERIORES\040 - AP - Anteprojeto\DWG\AMS_FLOW_INT_AP_001_DWG_TER_LUMINOTECNICO_R01.dwg
INTERIORES,.dwg,0.018,2026-06-09T13:48:02,INTERIORES\040 - AP - Anteprojeto\DWG\AMS_FLOW_INT_AP_002_DOC_1PVTO_ELÉTRICO_R02.dwg
INTERIORES,.dwg,5.353,2026-06-09T13:48:10,INTERIORES\040 - AP - Anteprojeto\DWG\AMS_FLOW_INT_AP_002_DOC_1PVTO_ELÉTRICO_R03.dwg
INTERIORES,.dwg,0.018,2026-06-09T13:48:04,INTERIORES\040 - AP - Anteprojeto\DWG\AMS_FLOW_INT_AP_002_DOC_1PVTO_HIDROSSANITÁRIO_R02.dwg
INTERIORES,.dwg,5.353,2026-06-09T13:48:08,INTERIORES\040 - AP - Anteprojeto\DWG\AMS_FLOW_INT_AP_002_DOC_1PVTO_HIDROSSANITÁRIO_R03.dwg
INTERIORES,.dwg,0.017,2026-06-09T13:48:02,INTERIORES\040 - AP - Anteprojeto\DWG\AMS_FLOW_INT_AP_002_DOC_1PVTO_LAYOUT_R02.dwg
INTERIORES,.dwg,5.572,2026-06-09T13:48:10,INTERIORES\040 - AP - Anteprojeto\DWG\AMS_FLOW_INT_AP_002_DOC_1PVTO_LAYOUT_R03.dwg
INTERIORES,.dwg,0.018,2026-06-09T13:48:02,INTERIORES\040 - AP - Anteprojeto\DWG\AMS_FLOW_INT_AP_002_DOC_1PVTO_LUMINOTÉCNICO_R02.dwg
INTERIORES,.dwg,5.502,2026-06-09T13:48:12,INTERIORES\040 - AP - Anteprojeto\DWG\AMS_FLOW_INT_AP_002_DOC_1PVTO_LUMINOTÉCNICO_R03.dwg
INTERIORES,.dwg,0.017,2026-06-09T13:48:02,INTERIORES\040 - AP - Anteprojeto\DWG\AMS_FLOW_INT_AP_002_DOC_COB_CLIMATIZAÇÃO_R02.dwg
INTERIORES,.dwg,1.145,2026-06-09T13:48:06,INTERIORES\040 - AP - Anteprojeto\DWG\AMS_FLOW_INT_AP_002_DOC_COB_CLIMATIZAÇÃO_R03.dwg
INTERIORES,.dwg,5.651,2026-06-09T13:48:00,INTERIORES\040 - AP - Anteprojeto\DWG\AMS_FLOW_INT_AP_002_DWG_1PVTO_ELÉTRICO_R01.dwg
INTERIORES,.dwg,5.651,2026-06-09T13:48:02,INTERIORES\040 - AP - Anteprojeto\DWG\AMS_FLOW_INT_AP_002_DWG_1PVTO_HIDROSSANITÁRIO_R01.dwg
INTERIORES,.dwg,5.235,2026-06-09T13:47:58,INTERIORES\040 - AP - Anteprojeto\DWG\AMS_FLOW_INT_AP_002_DWG_1PVTO_LAYOUT_R01.dwg
INTERIORES,.dwg,5.905,2026-06-09T13:48:00,INTERIORES\040 - AP - Anteprojeto\DWG\AMS_FLOW_INT_AP_002_DWG_1PVTO_LUMINOTECNICO_R01.dwg
INTERIORES,.dwg,1.177,2026-06-09T13:47:56,INTERIORES\040 - AP - Anteprojeto\DWG\AMS_FLOW_INT_AP_002_DWG_COB_CLIMATIZAÇÃO_R01.dwg
INTERIORES,.dwg,0.018,2026-06-09T13:48:02,INTERIORES\040 - AP - Anteprojeto\DWG\AMS_FLOW_INT_AP_003_DOC_COB_ELÉTRICO_R02.dwg
INTERIORES,.dwg,1.436,2026-06-09T13:48:04,INTERIORES\040 - AP - Anteprojeto\DWG\AMS_FLOW_INT_AP_003_DOC_COB_ELÉTRICO_R03.dwg
INTERIORES,.dwg,0.018,2026-06-09T13:48:02,INTERIORES\040 - AP - Anteprojeto\DWG\AMS_FLOW_INT_AP_003_DOC_COB_HIDROSSANITÁRIO_R02.dwg
INTERIORES,.dwg,1.371,2026-06-09T13:48:06,INTERIORES\040 - AP - Anteprojeto\DWG\AMS_FLOW_INT_AP_003_DOC_COB_HIDROSSANITÁRIO_R03.dwg
INTERIORES,.dwg,0.017,2026-06-09T13:48:02,INTERIORES\040 - AP - Anteprojeto\DWG\AMS_FLOW_INT_AP_003_DOC_COB_LAYOUT_R02.dwg
INTERIORES,.dwg,0.999,2026-06-09T13:48:06,INTERIORES\040 - AP - Anteprojeto\DWG\AMS_FLOW_INT_AP_003_DOC_COB_LAYOUT_R03.dwg
INTERIORES,.dwg,0.018,2026-06-09T13:48:02,INTERIORES\040 - AP - Anteprojeto\DWG\AMS_FLOW_INT_AP_003_DOC_COB_LUMINOTÉCNICO_R02.dwg
INTERIORES,.dwg,1.366,2026-06-09T13:48:06,INTERIORES\040 - AP - Anteprojeto\DWG\AMS_FLOW_INT_AP_003_DOC_COB_LUMINOTÉCNICO_R03.dwg
INTERIORES,.dwg,1.698,2026-06-09T13:47:56,INTERIORES\040 - AP - Anteprojeto\DWG\AMS_FLOW_INT_AP_003_DWG_COB_ELÉTRICO_R01.dwg
INTERIORES,.dwg,1.586,2026-06-09T13:47:56,INTERIORES\040 - AP - Anteprojeto\DWG\AMS_FLOW_INT_AP_003_DWG_COB_HIDROSSANITÁRIO_R01.dwg
INTERIORES,.dwg,0.943,2026-06-09T13:47:56,INTERIORES\040 - AP - Anteprojeto\DWG\AMS_FLOW_INT_AP_003_DWG_COB_LAYOUT_R01.dwg
INTERIORES,.dwg,1.614,2026-06-09T13:47:58,INTERIORES\040 - AP - Anteprojeto\DWG\AMS_FLOW_INT_AP_003_DWG_COB_LUMINOTECNICO_R01.dwg
INTERIORES,.ifc,692.703,2026-06-09T13:48:56,INTERIORES\040 - AP - Anteprojeto\IFC\AMS_FLOW_INT_AP_001_IFC_R01.ifc
INTERIORES,.ifc,48.786,2026-06-09T13:48:18,INTERIORES\040 - AP - Anteprojeto\IFC\AMS_FLOW_INT_AP_001_IFC_R02.ifc
INTERIORES,.pdf,4.135,2026-06-09T13:48:12,INTERIORES\040 - AP - Anteprojeto\PDF\AMS_FLOW_INT_AP_001_DOC_GER_IMAGENS_R00.pdf
INTERIORES,.pdf,0.296,2026-06-09T13:47:56,INTERIORES\040 - AP - Anteprojeto\PDF\AMS_FLOW_INT_AP_001_DOC_TER_CLIMATIZAÇÃO_R01.pdf
INTERIORES,.pdf,0.29,2026-06-09T13:47:58,INTERIORES\040 - AP - Anteprojeto\PDF\AMS_FLOW_INT_AP_001_DOC_TER_CLIMATIZAÇÃO_R02.pdf
INTERIORES,.pdf,0.983,2026-06-09T13:47:56,INTERIORES\040 - AP - Anteprojeto\PDF\AMS_FLOW_INT_AP_001_DOC_TER_ELÉTRICO_R01.pdf
INTERIORES,.pdf,0.941,2026-06-09T13:47:58,INTERIORES\040 - AP - Anteprojeto\PDF\AMS_FLOW_INT_AP_001_DOC_TER_ELÉTRICO_R02.pdf
INTERIORES,.pdf,0.824,2026-06-09T13:47:56,INTERIORES\040 - AP - Anteprojeto\PDF\AMS_FLOW_INT_AP_001_DOC_TER_HIDROSSANITÁRIO_R01.pdf
INTERIORES,.pdf,0.844,2026-06-09T13:48:00,INTERIORES\040 - AP - Anteprojeto\PDF\AMS_FLOW_INT_AP_001_DOC_TER_HIDROSSANITÁRIO_R02 Hidrossanitário.pdf
INTERIORES,.pdf,1.049,2026-06-09T13:47:56,INTERIORES\040 - AP - Anteprojeto\PDF\AMS_FLOW_INT_AP_001_DOC_TER_LAYOUT_R01.pdf
INTERIORES,.pdf,1.283,2026-06-09T13:47:58,INTERIORES\040 - AP - Anteprojeto\PDF\AMS_FLOW_INT_AP_001_DOC_TER_LAYOUT_R02.pdf
INTERIORES,.pdf,0.878,2026-06-09T13:47:56,INTERIORES\040 - AP - Anteprojeto\PDF\AMS_FLOW_INT_AP_001_DOC_TER_LUMINOTÉCNICO_R01.pdf
INTERIORES,.pdf,0.88,2026-06-09T13:48:00,INTERIORES\040 - AP - Anteprojeto\PDF\AMS_FLOW_INT_AP_001_DOC_TER_LUMINOTÉCNICO_R02.pdf
INTERIORES,.pdf,1.049,2026-06-09T13:47:56,INTERIORES\040 - AP - Anteprojeto\PDF\AMS_FLOW_INT_AP_001_TER_LAYOUT_R00.pdf
INTERIORES,.pdf,0.642,2026-06-09T13:47:56,INTERIORES\040 - AP - Anteprojeto\PDF\AMS_FLOW_INT_AP_002_DOC_1PVTO_ELÉTRICO_R01.pdf
INTERIORES,.pdf,0.629,2026-06-09T13:47:58,INTERIORES\040 - AP - Anteprojeto\PDF\AMS_FLOW_INT_AP_002_DOC_1PVTO_ELÉTRICO_R02.pdf
INTERIORES,.pdf,0.626,2026-06-09T13:47:56,INTERIORES\040 - AP - Anteprojeto\PDF\AMS_FLOW_INT_AP_002_DOC_1PVTO_HIDROSSANITÁRIO_R01.pdf
INTERIORES,.pdf,0.614,2026-06-09T13:48:00,INTERIORES\040 - AP - Anteprojeto\PDF\AMS_FLOW_INT_AP_002_DOC_1PVTO_HIDROSSANITÁRIO_R02.pdf
INTERIORES,.pdf,1.286,2026-06-09T13:47:56,INTERIORES\040 - AP - Anteprojeto\PDF\AMS_FLOW_INT_AP_002_DOC_1PVTO_LAYOUT_R01.pdf
INTERIORES,.pdf,1.267,2026-06-09T13:47:58,INTERIORES\040 - AP - Anteprojeto\PDF\AMS_FLOW_INT_AP_002_DOC_1PVTO_LAYOUT_R02.pdf
INTERIORES,.pdf,0.838,2026-06-09T13:47:56,INTERIORES\040 - AP - Anteprojeto\PDF\AMS_FLOW_INT_AP_002_DOC_1PVTO_LUMINOTÉCNICO_R01.pdf
INTERIORES,.pdf,0.832,2026-06-09T13:47:58,INTERIORES\040 - AP - Anteprojeto\PDF\AMS_FLOW_INT_AP_002_DOC_1PVTO_LUMINOTÉCNICO_R02.pdf
INTERIORES,.pdf,0.359,2026-06-09T13:47:56,INTERIORES\040 - AP - Anteprojeto\PDF\AMS_FLOW_INT_AP_002_DOC_COB_CLIMATIZAÇÃO_R01.pdf
INTERIORES,.pdf,0.351,2026-06-09T13:47:58,INTERIORES\040 - AP - Anteprojeto\PDF\AMS_FLOW_INT_AP_002_DOC_COB_CLIMATIZAÇÃO_R02.pdf
INTERIORES,.pdf,0.58,2026-06-09T13:47:56,INTERIORES\040 - AP - Anteprojeto\PDF\AMS_FLOW_INT_AP_003_DOC_COB_ELÉTRICO_R01.pdf
INTERIORES,.pdf,0.556,2026-06-09T13:47:58,INTERIORES\040 - AP - Anteprojeto\PDF\AMS_FLOW_INT_AP_003_DOC_COB_ELÉTRICO_R02.pdf
INTERIORES,.pdf,0.467,2026-06-09T13:47:56,INTERIORES\040 - AP - Anteprojeto\PDF\AMS_FLOW_INT_AP_003_DOC_COB_HIDROSSANITÁRIO_R01.pdf
INTERIORES,.pdf,0.46,2026-06-09T13:48:00,INTERIORES\040 - AP - Anteprojeto\PDF\AMS_FLOW_INT_AP_003_DOC_COB_HIDROSSANITÁRIO_R02.pdf
INTERIORES,.pdf,0.685,2026-06-09T13:47:56,INTERIORES\040 - AP - Anteprojeto\PDF\AMS_FLOW_INT_AP_003_DOC_COB_LAYOUT_R01.pdf
INTERIORES,.pdf,0.771,2026-06-09T13:47:56,INTERIORES\040 - AP - Anteprojeto\PDF\AMS_FLOW_INT_AP_003_DOC_COB_LAYOUT_R02.pdf
INTERIORES,.pdf,0.522,2026-06-09T13:47:56,INTERIORES\040 - AP - Anteprojeto\PDF\AMS_FLOW_INT_AP_003_DOC_COB_LUMINOTÉCNICO_R01.pdf
INTERIORES,.pdf,0.501,2026-06-09T13:47:58,INTERIORES\040 - AP - Anteprojeto\PDF\AMS_FLOW_INT_AP_003_DOC_COB_LUMINOTÉCNICO_R02.pdf
PAISAGISMO,.dwg,0.951,2026-06-09T13:48:08,PAISAGISMO\040 - AP - Anteprojeto\DWG\AMS_FLOW_PSG_AP_001_DOC_TERREO_R00.dwg
PAISAGISMO,.pdf,1.132,2026-06-09T13:48:08,PAISAGISMO\040 - AP - Anteprojeto\PDF\AMS_FLOW_PSG_AP_001_DOC_TERREO_R00.pdf
PAISAGISMO,.pdf,8.617,2026-06-09T13:48:08,PAISAGISMO\040 - AP - Anteprojeto\PDF\AMS_FLOW_PSG_AP_002_DOC_RELREF_R00.pdf
PAISAGISMO,.pdf,4.208,2026-06-09T13:48:08,PAISAGISMO\040 - AP - Anteprojeto\PDF\AMS_FLOW_PSG_AP_003_DOC_RELVEG_R00.pdf
PCI,.dwg,0.684,2026-06-09T13:48:14,PCI\040 - AP - Anteprojeto\DWG\AMS_FLOW_PCI_AP_002_TER_PLANTA_BAIXA_R00.dwg
PCI,.dwg,0.609,2026-06-09T13:48:14,PCI\040 - AP - Anteprojeto\DWG\AMS_FLOW_PCI_AP_002_TER_PLANTA_BAIXA_R01.dwg
PCI,.dwg,0.502,2026-06-09T13:48:12,PCI\040 - AP - Anteprojeto\DWG\AMS_FLOW_PCI_AP_003_TER_PLANTA_BAIXA_R00.dwg
PCI,.dwg,0.385,2026-06-09T13:48:12,PCI\040 - AP - Anteprojeto\DWG\AMS_FLOW_PCI_AP_003_TER_PLANTA_BAIXA_R01.dwg
PCI,.dwg,2.12,2026-06-09T13:48:14,PCI\040 - AP - Anteprojeto\DWG\AMS_FLOW_PCI_AP_004_PAV_PLANTA_BAIXA_R00.dwg
PCI,.dwg,1.514,2026-06-09T13:48:14,PCI\040 - AP - Anteprojeto\DWG\AMS_FLOW_PCI_AP_004_PAV_PLANTA_BAIXA_R01.dwg
PCI,.dwg,2.972,2026-06-09T13:48:14,PCI\040 - AP - Anteprojeto\DWG\AMS_FLOW_PCI_AP_005_PAV_PLANTA_BAIXA_R00.dwg
PCI,.dwg,2.412,2026-06-09T13:48:16,PCI\040 - AP - Anteprojeto\DWG\AMS_FLOW_PCI_AP_005_PAV_PLANTA_BAIXA_R01.dwg
PCI,.dwg,2.033,2026-06-09T13:48:14,PCI\040 - AP - Anteprojeto\DWG\AMS_FLOW_PCI_AP_006_PAV_PLANTA_BAIXA_R00.dwg
PCI,.dwg,1.956,2026-06-09T13:48:14,PCI\040 - AP - Anteprojeto\DWG\AMS_FLOW_PCI_AP_006_PAV_PLANTA_BAIXA_R01.dwg
PCI,.ifc,15.426,2026-06-09T13:48:18,PCI\040 - AP - Anteprojeto\IFC\AMS_FLOW_PCI_AP_001_MOD_IFC_R00.ifc
PCI,.ifc,15.938,2026-06-09T13:48:20,PCI\040 - AP - Anteprojeto\IFC\AMS_FLOW_PCI_AP_001_MOD_IFC_R01.ifc
PCI,.pdf,3.888,2026-06-09T13:48:16,PCI\040 - AP - Anteprojeto\PDF\AMS_FLOW_PCI_AP_002_TER_PLANTA_BAIXA_R00.pdf
PCI,.pdf,3.681,2026-06-09T13:48:16,PCI\040 - AP - Anteprojeto\PDF\AMS_FLOW_PCI_AP_002_TER_PLANTA_BAIXA_R01.pdf
PCI,.pdf,3.522,2026-06-09T13:48:14,PCI\040 - AP - Anteprojeto\PDF\AMS_FLOW_PCI_AP_003_TER_PLANTA_BAIXA_R00.pdf
PCI,.pdf,2.988,2026-06-09T13:48:16,PCI\040 - AP - Anteprojeto\PDF\AMS_FLOW_PCI_AP_003_TER_PLANTA_BAIXA_R01.pdf
PCI,.pdf,6.519,2026-06-09T13:48:16,PCI\040 - AP - Anteprojeto\PDF\AMS_FLOW_PCI_AP_004_PAV_PLANTA_BAIXA_R00.pdf
PCI,.pdf,6.582,2026-06-09T13:48:16,PCI\040 - AP - Anteprojeto\PDF\AMS_FLOW_PCI_AP_004_PAV_PLANTA_BAIXA_R01.pdf
PCI,.pdf,9.426,2026-06-09T13:48:18,PCI\040 - AP - Anteprojeto\PDF\AMS_FLOW_PCI_AP_005_PAV_PLANTA_BAIXA_R00.pdf
PCI,.pdf,8.714,2026-06-09T13:48:20,PCI\040 - AP - Anteprojeto\PDF\AMS_FLOW_PCI_AP_005_PAV_PLANTA_BAIXA_R01.pdf
PCI,.pdf,7.68,2026-06-09T13:48:18,PCI\040 - AP - Anteprojeto\PDF\AMS_FLOW_PCI_AP_006_PAV_PLANTA_BAIXA_R00.pdf
PCI,.pdf,7.378,2026-06-09T13:48:16,PCI\040 - AP - Anteprojeto\PDF\AMS_FLOW_PCI_AP_006_PAV_PLANTA_BAIXA_R01.pdf
PCI,.pdf,0.501,2026-06-09T13:48:12,PCI\040 - AP - Anteprojeto\PDF\AMS_FLOW_PCI_AP_010_GER_ESQUEMA_VERTICAL_R00.pdf
PCI,.pdf,0.508,2026-06-09T13:48:14,PCI\040 - AP - Anteprojeto\PDF\AMS_FLOW_PCI_AP_011_GER_ESQUEMA_VERTICAL_R00.pdf
PISCINA,.dwg,1.936,2026-06-09T13:48:18,PISCINA\040 - AP - Anteprojeto\AMS_FLOW_PIS_AP_001_COB_PLANTA_BAIXA_R00.dwg
PISCINA,.pdf,1.373,2026-06-09T13:48:18,PISCINA\040 - AP - Anteprojeto\AMS_FLOW_PIS_AP_001_COB_PLANTA_BAIXA_R00.pdf
PISCINA,.ifc,19.654,2026-06-09T13:48:18,PISCINA\040 - AP - Anteprojeto\AMS_FLOW_PIS_AP_001_MOD_MODELO_IFC_R00.ifc
PISCINA,.dwg,1.586,2026-06-09T13:48:18,PISCINA\040 - AP - Anteprojeto\AMS_FLOW_PIS_AP_002_COB_PLANTA_BAIXA_R00.dwg
PISCINA,.pdf,1.019,2026-06-09T13:48:18,PISCINA\040 - AP - Anteprojeto\AMS_FLOW_PIS_AP_002_COB_PLANTA_BAIXA_R00.pdf
SPDA,.dwg,0.905,2026-06-09T13:48:34,SPDA\040 - AP - Anteprojeto\DWG\AMS_FLOW_SPD_AP_001_TER_PLANTA_BAIXA_R00.dwg
SPDA,.dwg,0.561,2026-06-09T13:48:34,SPDA\040 - AP - Anteprojeto\DWG\AMS_FLOW_SPD_AP_002_PAV_PLANTA_BAIXA_R00.dwg
SPDA,.dwg,0.682,2026-06-09T13:48:32,SPDA\040 - AP - Anteprojeto\DWG\AMS_FLOW_SPD_AP_003_COB_PLANTA_BAIXA_R00.dwg
SPDA,.ifc,2.906,2026-06-09T13:48:32,SPDA\040 - AP - Anteprojeto\IFC\AMS_FLOW_SPD_AP_001_MOD_IFC_R00.ifc
SPDA,.pdf,2.365,2026-06-09T13:48:32,SPDA\040 - AP - Anteprojeto\PDF\AMS_FLOW_SPD_AP_001_TER_PLANTA_BAIXA_R00.pdf
SPDA,.pdf,1.884,2026-06-09T13:48:32,SPDA\040 - AP - Anteprojeto\PDF\AMS_FLOW_SPD_AP_002_PAV_PLANTA_BAIXA_R00.pdf
SPDA,.pdf,2.512,2026-06-09T13:48:34,SPDA\040 - AP - Anteprojeto\PDF\AMS_FLOW_SPD_AP_003_COB_PLANTA_BAIXA_R00.pdf
TEL,.dwg,2.11,2026-06-09T13:53:58,TEL\040 - AP - Anteprojeto\DWG\AMS_FLOW_TEL_AP_001_TER_PLANTA_BAIXA_R00.dwg
TEL,.dwg,2.244,2026-06-09T13:54:00,TEL\040 - AP - Anteprojeto\DWG\AMS_FLOW_TEL_AP_001_TER_PLANTA_BAIXA_R01.dwg
TEL,.dwg,1.912,2026-06-09T13:54:00,TEL\040 - AP - Anteprojeto\DWG\AMS_FLOW_TEL_AP_002_PAV_PLANTA_BAIXA_R00.dwg
TEL,.dwg,1.493,2026-06-09T13:53:58,TEL\040 - AP - Anteprojeto\DWG\AMS_FLOW_TEL_AP_002_PAV_PLANTA_BAIXA_R01.dwg
TEL,.dwg,1.575,2026-06-09T13:53:58,TEL\040 - AP - Anteprojeto\DWG\AMS_FLOW_TEL_AP_003_PAV_PLANTA_BAIXA_R00.dwg
TEL,.dwg,1.202,2026-06-09T13:53:58,TEL\040 - AP - Anteprojeto\DWG\AMS_FLOW_TEL_AP_003_PAV_PLANTA_BAIXA_R01.dwg
TEL,.dwg,1.854,2026-06-09T13:53:58,TEL\040 - AP - Anteprojeto\DWG\AMS_FLOW_TEL_AP_004_PAV_PLANTA_BAIXA_R00.dwg
TEL,.dwg,2.155,2026-06-09T13:54:00,TEL\040 - AP - Anteprojeto\DWG\AMS_FLOW_TEL_AP_004_PAV_PLANTA_BAIXA_R01.dwg
TEL,.dwg,1.159,2026-06-09T13:53:58,TEL\040 - AP - Anteprojeto\DWG\AMS_FLOW_TEL_AP_005_BAR_PLANTA_BAIXA_R00.dwg
TEL,.dwg,1.367,2026-06-09T13:53:58,TEL\040 - AP - Anteprojeto\DWG\AMS_FLOW_TEL_AP_005_BAR_PLANTA_BAIXA_R01.dwg
TEL,.pdf,8.218,2026-06-09T13:54:02,TEL\040 - AP - Anteprojeto\PDF\AMS_FLOW_TEL_AP_001_TER_PLANTA_BAIXA_R00.pdf
TEL,.pdf,8.447,2026-06-09T13:54:02,TEL\040 - AP - Anteprojeto\PDF\AMS_FLOW_TEL_AP_001_TER_PLANTA_BAIXA_R01.pdf
TEL,.pdf,2.797,2026-06-09T13:54:00,TEL\040 - AP - Anteprojeto\PDF\AMS_FLOW_TEL_AP_002_PAV_PLANTA_BAIXA_R00.pdf
TEL,.pdf,2.68,2026-06-09T13:54:00,TEL\040 - AP - Anteprojeto\PDF\AMS_FLOW_TEL_AP_002_PAV_PLANTA_BAIXA_R01.pdf
TEL,.pdf,2.33,2026-06-09T13:54:00,TEL\040 - AP - Anteprojeto\PDF\AMS_FLOW_TEL_AP_003_PAV_PLANTA_BAIXA_R00.pdf
TEL,.pdf,1.987,2026-06-09T13:54:00,TEL\040 - AP - Anteprojeto\PDF\AMS_FLOW_TEL_AP_003_PAV_PLANTA_BAIXA_R01.pdf
TEL,.pdf,3.469,2026-06-09T13:54:00,TEL\040 - AP - Anteprojeto\PDF\AMS_FLOW_TEL_AP_004_PAV_PLANTA_BAIXA_R00.pdf
TEL,.pdf,3.307,2026-06-09T13:54:02,TEL\040 - AP - Anteprojeto\PDF\AMS_FLOW_TEL_AP_004_PAV_PLANTA_BAIXA_R01.pdf
TEL,.pdf,2.186,2026-06-09T13:54:00,TEL\040 - AP - Anteprojeto\PDF\AMS_FLOW_TEL_AP_005_BAR_PLANTA_BAIXA_R00.pdf
TEL,.pdf,2.136,2026-06-09T13:54:00,TEL\040 - AP - Anteprojeto\PDF\AMS_FLOW_TEL_AP_005_BAR_PLANTA_BAIXA_R01.pdf
