path,cliente,projeto,xlsx_name,aba_usada,linha_gerenciamento,linhas_macrogrupo,ac_m2,total_obra,total_gerenciamento,pct_gerenciamento,rsm2_gerenciamento,status,erro
Thozen\Mirador de Alicante\CTN-THO-MAT - Apresentação Orçamento - R03.xlsx,Thozen,Mirador de Alicante,CTN-THO-MAT - Apresentação Orçamento - R03.xlsx,ORÇAMENTO_EXECUTIVO,GERENCIAMENTO TÉCNICO E ADMINISTRATIVO,18,10661.12,35380193.77723375,5062193.474574975,0.14307986854024432,474.8275485666585,ok,
H Empreendimentos\Atlantia\CTN-H-ATL - Apresentação Orçamento - R02.xlsx,H Empreendimentos,Atlantia,CTN-H-ATL - Apresentação Orçamento - R02.xlsx,ORÇAMENTO_EXECUTIVO,GERENCIAMENTO TÉCNICO E ADMINISTRATIVO,17,12828.33,40420184.52353,3704814.2581239017,0.09165752956835711,288.7994195755723,ok,
Amalfi\Maiori\CTN-ALF-MRI - Apresentação Orçamento - R02.xlsx,Amalfi,Maiori,CTN-ALF-MRI - Apresentação Orçamento - R02.xlsx,ORÇAMENTO_EXECUTIVO,GERENCIAMENTO TÉCNICO E ADMINISTRATIVO,17,8366.5,25185732.852655,3318913.557107,0.13177752565405818,396.6907974788741,ok,
Amalfi\Marine\CTN-ALF-MRN - Apresentação Orçamento - R01.xlsx,Amalfi,Marine,CTN-ALF-MRN - Apresentação Orçamento - R01.xlsx,ORÇAMENTO_EXECUTIVO,GERENCIAMENTO TÉCNICO E ADMINISTRATIVO,17,4498.66,14107283.053041,2346985.5392969996,0.16636694184647255,521.7076950240738,ok,
Amalfi\Ravello\CTN-ALF-RVL - Apresentação Orçamento RVL - R01.xlsx,Amalfi,Ravello,CTN-ALF-RVL - Apresentação Orçamento RVL - R01.xlsx,ORÇAMENTO_EXECUTIVO - IMPREVIST,GERENCIAMENTO TÉCNICO E ADMINISTRATIVO,17,13434.29,31638466.93886078,4746733.278634106,0.1500304451478907,353.32967195394065,ok,
Amalfi\Tramonti\CTN-ALF-TRM - Apresentação Orçamento - R04.xlsx,Amalfi,Tramonti,CTN-ALF-TRM - Apresentação Orçamento - R04.xlsx,ORÇAMENTO_EXECUTIVO - IMPREVIST,GERENCIAMENTO TÉCNICO E ADMINISTRATIVO,16,15602.85,51217757.785890214,7713624.635108488,0.1506044967324494,494.37279952755347,ok,
Viva4\Barra4\CTN-VIV4-BAR4 - Apresentação Orçamento - R02.xlsx,Viva4,Barra4,CTN-VIV4-BAR4 - Apresentação Orçamento - R02.xlsx,ORÇAMENTO_EXECUTIVO,GERENCIAMENTO TÉCNICO E ADMINISTRATIVO,18,13223.24,41008192.08081217,5334854.690458,0.13009241372906538,403.44535003962716,ok,
Viva4\Pio4\CTN-VIV4-PIO4 - Apresentação Orçamento - R00.xlsx,Viva4,Pio4,CTN-VIV4-PIO4 - Apresentação Orçamento - R00.xlsx,ORÇAMENTO_EXECUTIVO,GERENCIAMENTO TÉCNICO E ADMINISTRATIVO,18,13540.930000000002,46779023.62094718,4850508.331328854,0.10368981555991358,358.21087113875143,ok,
XPCon\Marena\CTN-XPC_MRN - Apresentação Orçamento_R02.xlsx,XPCon,Marena,CTN-XPC_MRN - Apresentação Orçamento_R02.xlsx,ORÇAMENTO_EXECUTIVO,GERENCIAMENTO TÉCNICO E ADMINISTRATIVO,18,4174.83,13883179.263446352,1863691.1904010253,0.13424095122851448,446.4112767228906,ok,
WF\Aquarius\CTN-WF_AQU - Apresentação Orçamento - R02.xlsx,WF,Aquarius,CTN-WF_AQU - Apresentação Orçamento - R02.xlsx,GER_EXECUTIVO,GERENCIAMENTO TÉCNICO E ADMINISTRATIVO,17,16789.049999999996,53619739.60458282,6459783.507556116,0.12047398132093887,384.7617052517038,ok,
Terrassa\Amaro\CTN-TRS-AMR - Apresentação de Orçamento - R01.xlsx,Terrassa,Amaro,CTN-TRS-AMR - Apresentação de Orçamento - R01.xlsx,ORÇAMENTO_EXECUTIVO,GERENCIAMENTO TÉCNICO E ADMINISTRATIVO,21,10479.34,34406870.7328074,5614696.977615399,0.16318534228867587,535.7872707265342,ok,
Somauma\Virgínia\CTN-SMU-VGN - Apresentação de Orçamento - R01.xlsx,Somauma,Virgínia,CTN-SMU-VGN - Apresentação de Orçamento - R01.xlsx,ORÇAMENTO_EXECUTIVO,,10,10108.43,32518198.72102897,,,,ok,
Santo André\Lausanne\CTN_STA_LAU - Apresentação Orçamento - R00.xlsx,Santo André,Lausanne,CTN_STA_LAU - Apresentação Orçamento - R00.xlsx,ORÇAMENTO_EXECUTIVO,GERENCIAMENTO TÉCNICO E ADMINISTRATIVO,18,26070.9,116264185.01572447,9217026.59386067,0.07927657681180227,353.536954760314,ok,
Santo André\Belle Ville\CTN-STA- BLL - Apresentação Orçamento - R01 - Final.xlsx,Santo André,Belle Ville,CTN-STA- BLL - Apresentação Orçamento - R01 - Final.xlsx,ORÇAMENTO_EXECUTIVO,GERENCIAMENTO TÉCNICO E ADMINISTRATIVO,22,7878.58,42442732.70587867,9723475.206170632,0.2290963513954852,1234.165954546458,ok,
Santa Maria\Feat\CTN-STM-FET - Apresentação Orçamento_R00.xlsx,Santa Maria,Feat,CTN-STM-FET - Apresentação Orçamento_R00.xlsx,ORÇAMENTO_PARAMÉTRICO,GERENCIAMENTO TÉCNICO E ADMINISTRATIVO,17,22210.51,56098317.03999999,8831545.55,0.1574297771482665,397.6291201777898,ok,
Adore\Level Up\CTN-ADR-LVU- Apresentação_R00.xlsx,Adore,Level Up,CTN-ADR-LVU- Apresentação_R00.xlsx,ORÇAMENTO EXECUTIVO,,0,,,,,,ok,
AJR\Spot One\CTN-AJR-TSO - Orçamento apresentação - R03.xlsx,AJR,Spot One,CTN-AJR-TSO - Orçamento apresentação - R03.xlsx,,,0,,,,,,sem_aba_resumo,Gerenciamento executivo |Executivo
ALL\Acácias JK\17_CTN_ALL_Acácias JK - Apresentação Orçamento - R04.xlsx,ALL,Acácias JK,17_CTN_ALL_Acácias JK - Apresentação Orçamento - R04.xlsx,ORÇAMENTO_EXECUTIVO,GERENCIAMENTO TÉCNICO E ADMINISTRATIVO,17,1943.23,6970627.029402059,728402.3679733151,0.10449596067913527,374.841047108842,ok,
AS Ramos\Paessaggio\CTN-ASR-PAE  - Apresentação Orçamento - R04.xlsx,AS Ramos,Paessaggio,CTN-ASR-PAE  - Apresentação Orçamento - R04.xlsx,ORÇAMENTO_EXECUTIVO,GERENCIAMENTO TÉCNICO E ADMINISTRATIVO,19,16348.1,51217476.75,4316755.05,0.08428285272760923,264.05240058477744,ok,
Blue Heaven\Monolyt\CTN_BHE-MON - Apresentação.xlsx,Blue Heaven,Monolyt,CTN_BHE-MON - Apresentação.xlsx,ORÇAMENTO_PRELIMINAR,GERENCIAMENTO TÉCNICO E ADMINISTRATIVO,17,14693.42,86996004.79662345,14452093.746629817,0.1661236487861192,983.5758963284121,ok,
Brasin\Mario Lago\CTN-BRS-RML-Apresentação Orçamento - R01.xlsx,Brasin,Mario Lago,CTN-BRS-RML-Apresentação Orçamento - R01.xlsx,Orçamento Resumo,GERENCIAMENTO TÉCNICO E ADMINISTRATIVO,17,,23491181.900000002,2283132.61,0.0971910489527136,,ok,
Brava Construtora\Mar a Vista\CTN-BRV-MAV- Apresentação Orçamento - R01.xlsx,Brava Construtora,Mar a Vista,CTN-BRV-MAV- Apresentação Orçamento - R01.xlsx,ORÇAMENTO_EXECUTIVO,GERENCIAMENTO TÉCNICO E ADMINISTRATIVO,16,3120.05,10446494.539999997,1757024.42,0.16819272850546096,563.1398278873736,ok,
Caledonia MOWE\Caledonia MOWE\CTN_MFZ_MOWE - Apresentação Orçamento - R00.xlsx,Caledonia MOWE,Caledonia MOWE,CTN_MFZ_MOWE - Apresentação Orçamento - R00.xlsx,ORÇAMENTO_EXECUTIVO,GERENCIAMENTO TÉCNICO E ADMINISTRATIVO,22,329.57,1603246.8259855874,243899.46582717574,0.1521284569999007,740.0536026555079,ok,
Carraro\Vertice\CTN-CRR-VRT - Apresentação Orçamento - R00.xlsx,Carraro,Vertice,CTN-CRR-VRT - Apresentação Orçamento - R00.xlsx,,,0,,,,,,sem_aba_resumo,Gerenciamento executivo |Gerenciamento_Exec|Executivo
CGL\Arbol 646\CTN_CGL-ARB - Apresentação Orçamento - R00.xlsx,CGL,Arbol 646,CTN_CGL-ARB - Apresentação Orçamento - R00.xlsx,,,0,,,,,,sem_aba_resumo,Gerenciamento executivo |Executivo - CASAS|CASA 01|CASA 02|CASA 03|CASA 04|COMPARATIVO
Chiquetti e Dalvesco\Esmeralda\CTN-CDV-ESM - Apresentação Orçamento_R00.xlsx,Chiquetti e Dalvesco,Esmeralda,CTN-CDV-ESM - Apresentação Orçamento_R00.xlsx,ORÇAMENTO_EXECUTIVO,GERENCIAMENTO TÉCNICO E ADMINISTRATIVO,18,5579.63,28868787.310794167,6475245.949322426,0.2242992017507193,1160.5152939034356,ok,
Chiquetti e Dalvesco\Bela Vida\CTN-CDV-BVD - Apresentação Orçamento_R01.xlsx,Chiquetti e Dalvesco,Bela Vida,CTN-CDV-BVD - Apresentação Orçamento_R01.xlsx,ORÇAMENTO_PRELIMINAR,GERENCIAMENTO TÉCNICO E ADMINISTRATIVO,17,5006.35,26220021.09801211,3595068.6007398292,0.13711158306475932,718.1017309496598,ok,
CK\Artefacto\CTN-CK _ART- Orçamento apresentação - R00.xlsx,CK,Artefacto,CTN-CK _ART- Orçamento apresentação - R00.xlsx,,,0,,,,,,sem_aba_resumo,Gerenciamento executivo |Executivo_01
CK\Habitah\CTN-CK _HBT- Orçamento apresentação - R01.xlsx,CK,Habitah,CTN-CK _HBT- Orçamento apresentação - R01.xlsx,,,0,,,,,,sem_aba_resumo,Gerenciamento executivo |Executivo_01|Gerenciamento executivo  (2)
CK\Urbe\CTN-CK-URB- Apresentação Orçamento - R02.xlsx,CK,Urbe,CTN-CK-URB- Apresentação Orçamento - R02.xlsx,Orçamento Resumo,GERENCIAMENTO TÉCNICO E ADMINISTRATIVO,17,,13265824.464238951,1833814.4,0.13823599165988243,,ok,
CLN\Porto Ruby\CTN_CLN_PBY - Apresentação Orçamento.xlsx,CLN,Porto Ruby,CTN_CLN_PBY - Apresentação Orçamento.xlsx,GER_EXECUTIVO,GERENCIAMENTO TÉCNICO E ADMINISTRATIVO,18,12972.67,42531564.12496035,4776159.3952975795,0.1122968198692371,368.17088504506626,ok,
CN\Brava Valley\CTN-CN-BBV- Apresentação_Orçamento - R00.xlsx,CN,Brava Valley,CTN-CN-BBV- Apresentação_Orçamento - R00.xlsx,,,0,,,,,,sem_aba_resumo,Gerenciamento executivo |Executivo |Planilha1
CN\Brava Ocean\CTN-CN-BVO- Apresentação_Orçamento - R00A.xlsx,CN,Brava Ocean,CTN-CN-BVO- Apresentação_Orçamento - R00A.xlsx,ORÇAMENTO_EXECUTIVO,GERENCIAMENTO TÉCNICO E ADMINISTRATIVO,16,61763.96,210117050.09492162,31212607.6369,0.14854866667316868,505.35308352799916,ok,
CN\Brava Garden\CTN-CN-BGR- Apresentação_Orçamento - R00.xlsx,CN,Brava Garden,CTN-CN-BGR- Apresentação_Orçamento - R00.xlsx,,,0,,,,,,sem_aba_resumo,Gerenciamento executivo |Executivo |Planilha1
Colline de France\Colline de France\CTN-COLLINE - Apresentação Orçamento - R00.xlsx,Colline de France,Colline de France,CTN-COLLINE - Apresentação Orçamento - R00.xlsx,ORÇAMENTO_EXECUTIVO,GERENCIAMENTO TÉCNICO E ADMINISTRATIVO,4,6049.169999999999,9599494.628444886,2492151.601474115,0.25961279191609304,411.98240444128953,ok,
Cota\365\CTN-COT-365- Apresentação Orçamento.xlsx,Cota,365,CTN-COT-365- Apresentação Orçamento.xlsx,ORÇAMENTO_EXECUTIVO,GERENCIAMENTO TÉCNICO E ADMINISTRATIVO,17,17505.56,60989058.05866331,3894011.7347123325,0.06384771069864392,222.44428254293678,ok,
Estilo Condomínios\Estilo condomínios\CTN-EST - VIS- Apresentação Orçamento - R00.xlsx,Estilo Condomínios,Estilo condomínios,CTN-EST - VIS- Apresentação Orçamento - R00.xlsx,ORÇAMENTO_EXECUTIVO_EDIFICAÇÕES,,0,,,,,,ok,
EZE\Bella Vivie\CTN_EZE_BLV_ Apresentação Orçamento.xlsx,EZE,Bella Vivie,CTN_EZE_BLV_ Apresentação Orçamento.xlsx,ORÇAMENTO_EXECUTIVO,GERENCIAMENTO TÉCNICO E ADMINISTRATIVO,15,4868.43,15568937.789999997,1517952.9,0.09749880951897619,311.79515778187215,ok,
F Nogueira\WPR\CTN - FNG_WPR - Apresentação_Orçamento_R01.xlsx,F Nogueira,WPR,CTN - FNG_WPR - Apresentação_Orçamento_R01.xlsx,,,0,,,,,,sem_aba_resumo,Gerenciamento executivo |Executivo|Planilha3
F Nogueira\Soberano\CTN - FNG_SOB - Apresentação_Orçamento_R01.xlsx,F Nogueira,Soberano,CTN - FNG_SOB - Apresentação_Orçamento_R01.xlsx,,,0,,,,,,sem_aba_resumo,Gerenciamento executivo |Executivo|Planilha3
FG\Blue Coast\CTN-FGE-BCO - Apresentação Orçamento - R00.xlsx,FG,Blue Coast,CTN-FGE-BCO - Apresentação Orçamento - R00.xlsx,ORÇAMENTO_EXECUTIVO,GERENCIAMENTO TÉCNICO E ADMINISTRATIVO,15,13131.849999999999,79861234.35933675,10189225.534325795,0.12758662717983085,775.9169907001524,ok,
FG\Scenarium\CTN-FGE-SCN - Apresentação Orçamento - R00.xlsx,FG,Scenarium,CTN-FGE-SCN - Apresentação Orçamento - R00.xlsx,ORÇAMENTO_EXECUTIVO,GERENCIAMENTO TÉCNICO E ADMINISTRATIVO,18,42277.77,206674002.44260004,22842123.31,0.11052248004121362,540.2868531145327,ok,
GMF\Moradas do Atalaia\CTN-GMF- ATA - Apresentação Orçamento - R00ok.xlsx,GMF,Moradas do Atalaia,CTN-GMF- ATA - Apresentação Orçamento - R00ok.xlsx,ORÇAMENTO_EXECUTIVO,GERENCIAMENTO TÉCNICO E ADMINISTRATIVO,17,7374.18,23887574.139955323,2289625.9,0.0958500803214789,310.4922716830888,ok,
Grandezza\Gran Royal\CTN-GDZ_GRL- Apresentação Orçamento - R00.xlsx,Grandezza,Gran Royal,CTN-GDZ_GRL- Apresentação Orçamento - R00.xlsx,ORÇAMENTO_EXECUTIVO,GERENCIAMENTO TÉCNICO E ADMINISTRATIVO,5,5225.33,10020041.553764638,3441809.4857795984,0.34349253616482994,658.6779180988757,ok,
Grandezza\Gran Tower\CTN-GRANDEZZA- Apresentação Orçamento - R01.xlsx,Grandezza,Gran Tower,CTN-GRANDEZZA- Apresentação Orçamento - R01.xlsx,ORÇAMENTO_EXECUTIVO,GERENCIAMENTO TÉCNICO E ADMINISTRATIVO,17,6245.48,21230822.540000003,2384931.88,0.11233346590819367,381.86526576019776,ok,
Homeset\Homeset\CTN-HMS-HMG - Apresentação Orçamento - R01.xlsx,Homeset,Homeset,CTN-HMS-HMG - Apresentação Orçamento - R01.xlsx,Orçamento Resumo,GERENCIAMENTO TÉCNICO E ADMINISTRATIVO,16,,21873345.729972,3275186.6,0.14973413946052927,,ok,
Inbrasul\Aguas de Março\CTN-INB-AGM-Apresentação Orçamento - R03.xlsx,Inbrasul,Aguas de Março,CTN-INB-AGM-Apresentação Orçamento - R03.xlsx,Orçamento Resumo,GERENCIAMENTO TÉCNICO E ADMINISTRATIVO,16,,24341958.32,7834510.59,0.3218521076655923,,ok,
Inbrasul\Opus\CTN-INB-OPS-Apresentação Orçamento - R05.xlsx,Inbrasul,Opus,CTN-INB-OPS-Apresentação Orçamento - R05.xlsx,Orçamento Resumo,GERENCIAMENTO TÉCNICO E ADMINISTRATIVO,16,,16756730.409999996,5396049.23,0.32202279907658915,,ok,
Indepy\Stella Marina\CTN-IND-STL-Apresentação Orçamento - R01.xlsx,Indepy,Stella Marina,CTN-IND-STL-Apresentação Orçamento - R01.xlsx,Orçamento Resumo,GERENCIAMENTO TÉCNICO E ADMINISTRATIVO,17,,17285611.089999996,3402094.38,0.19681655235018947,,ok,
Libra Concept\Libra Conecpt\CTN-LBR-CPT- Apresentação_Orçamento_R01.xlsx,Libra Concept,Libra Conecpt,CTN-LBR-CPT- Apresentação_Orçamento_R01.xlsx,,,0,,,,,,sem_aba_resumo,Gerenciamento executivo |Executivo |Auxiliar
Lotisa\Serenity\CTN-LOT_SER - Apresentação_Orçamento_Executivo_R05.xlsx,Lotisa,Serenity,CTN-LOT_SER - Apresentação_Orçamento_Executivo_R05.xlsx,,,0,,,,,,sem_aba_resumo,Gerenciamento executivo |Executivo|ETAPAS
Lumis\Live\CTN-LUM-LIVE- Apresentação Orçamento - R00.xlsx,Lumis,Live,CTN-LUM-LIVE- Apresentação Orçamento - R00.xlsx,,,0,,,,,,sem_aba_resumo,Gerenciamento executivo |Gerenciamento_Exec|OBRAS SIMILARES
Mabrem\Gran Torino\CTN-MBM-GRT- Apresentação Orçamento - R00.xlsx,Mabrem,Gran Torino,CTN-MBM-GRT- Apresentação Orçamento - R00.xlsx,ORÇAMENTO_EXECUTIVO,,1,12518.96,,,,,ok,
Macom\Adda\CTN-MACOM-ADD-Apresentação_Orçamento_R02.xlsx,Macom,Adda,CTN-MACOM-ADD-Apresentação_Orçamento_R02.xlsx,ORÇAMENTO_EXECUTIVO,GERENCIAMENTO TÉCNICO E ADMINISTRATIVO,17,4358.27,13434812.160000002,1447037.29,0.10770804033333056,332.02102898627203,ok,
Macom\Villa Lobos\CTN-MACOM-VLB-Apresentação_Orçamento-R01.xlsx,Macom,Villa Lobos,CTN-MACOM-VLB-Apresentação_Orçamento-R01.xlsx,ORÇAMENTO_EXECUTIVO,GERENCIAMENTO TÉCNICO E ADMINISTRATIVO,17,6001.7,17850373.278950002,1932826.48,0.1082793311823501,322.0465001582885,ok,
MTF\M Village Jardim\CTN-MTF-MVL - Apresentação Orçamento - R00.xlsx,MTF,M Village Jardim,CTN-MTF-MVL - Apresentação Orçamento - R00.xlsx,,,0,,,,,,sem_aba_resumo,Gerenciamento executivo |Gerenciamento_Exec|Planilha1|Executivo
Muller Empreendimentos\Guanabara\CTN-ANM-GNB-Apresentação Orçamento - R02.xlsx,Muller Empreendimentos,Guanabara,CTN-ANM-GNB-Apresentação Orçamento - R02.xlsx,Orçamento Resumo,GERENCIAMENTO TÉCNICO E ADMINISTRATIVO,18,,14337198.41,1356858.91,0.09463905507882274,,ok,
NM Empreendimentos\CTN_NME_SÇH_ Apresentação Orçamento.xlsx,NM Empreendimentos,CTN_NME_SÇH_ Apresentação Orçamento.xlsx,CTN_NME_SÇH_ Apresentação Orçamento.xlsx,,,0,,,,,,sem_aba_resumo,Planilha1
Nobria\CTN-NBR-MBC - Apresentação Orçamento_R00.xlsx,Nobria,CTN-NBR-MBC - Apresentação Orçamento_R00.xlsx,CTN-NBR-MBC - Apresentação Orçamento_R00.xlsx,ORÇAMENTO_EXECUTIVO,GERENCIAMENTO TÉCNICO E ADMINISTRATIVO,17,12879.93,42384127.48,5635455.61,0.13296146328974756,437.5377513697668,ok,
Nova Empreendimentos\Evora\CTN-NOV-EVR - Apresentação Orçamento - R01.xlsx,Nova Empreendimentos,Evora,CTN-NOV-EVR - Apresentação Orçamento - R01.xlsx,ORÇAMENTO_EXECUTIVO,CANTEIRO DE OBRAS [DESPESAS ADMINISTRATIVAS - OBRA],27,3477.2,21316750.578198,427339.00939,0.02004709900893933,122.89744892154609,ok,
Nova Empreendimentos\Malaga\CTN-NOV-MLG - Apresentação Orçamento - R01.xlsx,Nova Empreendimentos,Malaga,CTN-NOV-MLG - Apresentação Orçamento - R01.xlsx,ORÇAMENTO_EXECUTIVO,,1,4430.32,,,,,ok,
Paludo\Barbados\MTH - PAL_BAR - Apresentação_Orçamento_R00.xlsx,Paludo,Barbados,MTH - PAL_BAR - Apresentação_Orçamento_R00.xlsx,,,0,,,,,,sem_aba_resumo,Gerenciamento executivo |Executivo|Planilha3
Paludo\Nassau\CTN-NAS - Apresentação Orçamento_R01.xlsx,Paludo,Nassau,CTN-NAS - Apresentação Orçamento_R01.xlsx,,,0,,,,,,sem_aba_resumo,Gerenciamento executivo |Executivo|Planilha3
Paludo\Urban Life\CTN-PAL-UL- Apresentação_Orçamento_R01.xlsx,Paludo,Urban Life,CTN-PAL-UL- Apresentação_Orçamento_R01.xlsx,,,0,,,,,,sem_aba_resumo,Gerenciamento executivo |Executivo |Auxiliar
Paludo\Volo Ocean\CTN_VOL_PAL_Apresentação_Orçamento_R02.xlsx,Paludo,Volo Ocean,CTN_VOL_PAL_Apresentação_Orçamento_R02.xlsx,,,0,,,,,,sem_aba_resumo,Gerenciamento executivo |Executivo |Auxiliar
Parkside\Trindade\CTN_PKS_TRI - Apresentação Orçamento _Executivo - R00.xlsx,Parkside,Trindade,CTN_PKS_TRI - Apresentação Orçamento _Executivo - R00.xlsx,ORÇAMENTO_EXECUTIVO,GERENCIAMENTO TÉCNICO E ADMINISTRATIVO,20,3332.96,16393699.823686413,1385750.363839311,0.084529445991021,415.7716755794582,ok,
Pass-e\Belissimo\CTN-PAS-BEL-Apresentação Orçamento - R01.xlsx,Pass-e,Belissimo,CTN-PAS-BEL-Apresentação Orçamento - R01.xlsx,Orçamento Resumo,GERENCIAMENTO TÉCNICO E ADMINISTRATIVO,17,,30984116.579999994,3576946.78,0.11544453012770069,,ok,
Pass-e\Celebration\CTN-PAS-CLB- Apresentação Orçamento - R02.xlsx,Pass-e,Celebration,CTN-PAS-CLB- Apresentação Orçamento - R02.xlsx,ORÇAMENTO_EXECUTIVO,GERENCIAMENTO TÉCNICO E ADMINISTRATIVO,17,7956.14,25046005.690000005,3271615.95,0.13062425963219526,411.2064330190268,ok,
Pass-e\Connect\CTN-PAS-CNC- Apresentação Orçamento - R01.xlsx,Pass-e,Connect,CTN-PAS-CNC- Apresentação Orçamento - R01.xlsx,ORÇAMENTO_EXECUTIVO,GERENCIAMENTO TÉCNICO E ADMINISTRATIVO,17,13144.27,48836510.10815962,5368372.808971049,0.10992539796724951,408.419243439997,ok,
Pass-e\Vancouver\CTN - PAS_VCV - Apresentação_Orçamento_R03.xlsx,Pass-e,Vancouver,CTN - PAS_VCV - Apresentação_Orçamento_R03.xlsx,,,0,,,,,,sem_aba_resumo,Gerenciamento executivo |Executivo|Planilha3
SAK Engenharia\CTN-SAK-AUS- Apresentação Orçamento - R00.xlsx,SAK Engenharia,CTN-SAK-AUS- Apresentação Orçamento - R00.xlsx,CTN-SAK-AUS- Apresentação Orçamento - R00.xlsx,ORÇAMENTO_EXECUTIVO,GERENCIAMENTO TÉCNICO E ADMINISTRATIVO,17,1700.61,6535457.04,919095.17,0.14063211866816894,540.4502913660393,ok,
