path,cliente,projeto,xlsx_name,abas_encontradas,aba_gerenciamento_usada,total_gerenciamento,grand_total,ac_m2,pct_gerenciamento,rsm2_gerenciamento,status,erro
G:\Drives compartilhados\03 CTN Projetos\2. Projetos em Andamento\_Entregas\Orçamento_executivo\Thozen\Mirador de Alicante\CTN-THO-MAT - Apresentação Orçamento - R03.xlsx,Thozen,Mirador de Alicante,CTN-THO-MAT - Apresentação Orçamento - R03.xlsx,ORÇAMENTO_EXECUTIVO|VERSÕES|AREAS PRIVATIVAS|ANÁLISE_CUSTOS|CÁLCULO_MÉDIAS|COMPARAÇÕES,,,,,,,ok,
G:\Drives compartilhados\03 CTN Projetos\2. Projetos em Andamento\_Entregas\Orçamento_executivo\H Empreendimentos\Atlantia\CTN-H-ATL - Apresentação Orçamento - R02.xlsx,H Empreendimentos,Atlantia,CTN-H-ATL - Apresentação Orçamento - R02.xlsx,ORÇAMENTO_EXECUTIVO|Comparação|Custo_Empreiteiro|ANÁLISE_CUSTOS|CÁLCULO_MÉDIAS,,,,,,,ok,
G:\Drives compartilhados\03 CTN Projetos\2. Projetos em Andamento\_Entregas\Orçamento_executivo\Amalfi\Maiori\CTN-ALF-MRI - Apresentação Orçamento - R02.xlsx,Amalfi,Maiori,CTN-ALF-MRI - Apresentação Orçamento - R02.xlsx,ORÇAMENTO_EXECUTIVO|ANÁLISE_CUSTOS|AREAS PRIVATIVAS|CÁLCULO_MÉDIAS|COMPARAÇÕES|Planilha1,,,,,,,ok,
G:\Drives compartilhados\03 CTN Projetos\2. Projetos em Andamento\_Entregas\Orçamento_executivo\Amalfi\Marine\CTN-ALF-MRN - Apresentação Orçamento - R01.xlsx,Amalfi,Marine,CTN-ALF-MRN - Apresentação Orçamento - R01.xlsx,ORÇAMENTO_EXECUTIVO|AREAS PRIVATIVAS|ANÁLISE_CUSTOS|CÁLCULO_MÉDIAS|COMPARAÇÕES|Amalfi,,,,,,,ok,
G:\Drives compartilhados\03 CTN Projetos\2. Projetos em Andamento\_Entregas\Orçamento_executivo\Amalfi\Ravello\CTN-ALF-RVL - Apresentação Orçamento RVL - R01.xlsx,Amalfi,Ravello,CTN-ALF-RVL - Apresentação Orçamento RVL - R01.xlsx,Relatório|SEM IMPREVISTOS|ORÇAMENTO_EXECUTIVO - IMPREVIST|GER_EXECUTIVO|Versões|ANÁLISE_CUSTOS|AREAS PRIVATIVAS|CÁLCULO_MÉDIAS|Amalfi,,,,,,,ok,
G:\Drives compartilhados\03 CTN Projetos\2. Projetos em Andamento\_Entregas\Orçamento_executivo\Amalfi\Tramonti\CTN-ALF-TRM - Apresentação Orçamento - R04.xlsx,Amalfi,Tramonti,CTN-ALF-TRM - Apresentação Orçamento - R04.xlsx,SEM IMPREVISTOS|ORÇAMENTO_EXECUTIVO - IMPREVIST|ANÁLISE_CUSTOS|Versões R01|GER_EXECUTIVO MEGA|Versões|GER_EXECUTIVO CART|Amalfi|Planilha1|Versões (2)|CÁLCULO_MÉDIAS|AREAS PRIVATIVAS,,,,,,,ok,
G:\Drives compartilhados\03 CTN Projetos\2. Projetos em Andamento\_Entregas\Orçamento_executivo\Amalfi\Tramonti\CTN-ALF-TRM - Orçamento Executivo_R04xlsb.xlsx,Amalfi,Tramonti,CTN-ALF-TRM - Orçamento Executivo_R04xlsb.xlsx,NOVA EAP|EPCs|CANTEIRO|Cont.Tecnol.|BASES|Ger_Administrativo|Obra|HIDRAÚLICO|Ger_Executivo|CLIMATIZAÇÃO|Ger_Executivo MEGA|PCI|Gás|ELÉTRICA|Insumos|CPU|Arquitetura|MOBILIÁRIO|SANITÁRIO|INSTALAÇÕES COMPLEMENTARES,,,409253.4999999997,,,,ok,
G:\Drives compartilhados\03 CTN Projetos\2. Projetos em Andamento\_Entregas\Orçamento_executivo\Viva4\Barra4\CTN_VV4-BR4 - Orçamento Final_R02.xls.xlsx,Viva4,Barra4,CTN_VV4-BR4 - Orçamento Final_R02.xls.xlsx,Obra |EPCs|CANTEIRO|BASES|Ger_Tec e Adm|Ger_Executivo|ESQUADRIAS|ARQUITETURA|Composição|Louças e metais|MOBILIÁRIO|Supraestrutura|Fundação Rasa|Aço_Infraestrutura|CAIXA|Elétrica|Hidrossanitário|PPCI|Climatização|PISCINAS,CANTEIRO,52000.0,,,,,ok,
G:\Drives compartilhados\03 CTN Projetos\2. Projetos em Andamento\_Entregas\Orçamento_executivo\Viva4\Barra4\CTN-VIV4-BAR4 - Apresentação Orçamento - R02.xlsx,Viva4,Barra4,CTN-VIV4-BAR4 - Apresentação Orçamento - R02.xlsx,ORÇAMENTO_EXECUTIVO|ANÁLISE_CUSTOS|AREAS PRIVATIVAS|CÁLCULO_MÉDIAS|COMPARAÇÃO ,,,,,,,ok,
G:\Drives compartilhados\03 CTN Projetos\2. Projetos em Andamento\_Entregas\Orçamento_executivo\Viva4\Pio4\CTN_VV4-PIO4 - Orçamento_R00.xls - Entregável.xlsx,Viva4,Pio4,CTN_VV4-PIO4 - Orçamento_R00.xls - Entregável.xlsx,Obra |EPCs|CANTEIRO|Ger_Tec e Adm|Ger_Executivo|Empreiteiro|CPU|ELÉTRICA|MOBILIÁRIO|FECHADURA|Escoramento|ARQUITETURA|Fundação Profunda|CONTENÇÕES|PORTÕES|Telefone|SPDA|PCI|HIDROSSANITÁRIO|Climatização,,,,,,,ok,
G:\Drives compartilhados\03 CTN Projetos\2. Projetos em Andamento\_Entregas\Orçamento_executivo\Viva4\Pio4\CTN-VIV4-PIO4 - Apresentação Orçamento - R00.xlsx,Viva4,Pio4,CTN-VIV4-PIO4 - Apresentação Orçamento - R00.xlsx,ORÇAMENTO_EXECUTIVO Barra4|ORÇAMENTO_EXECUTIVO|AREAS PRIVATIVAS|ANÁLISE_CUSTOS|CÁLCULO_MÉDIAS|COMPARAÇÃO |COMPARAÇÃO_Construtora,,,,,,,ok,
G:\Drives compartilhados\03 CTN Projetos\2. Projetos em Andamento\_Entregas\Orçamento_executivo\XPCon\Marena\CTN_XPC_MRN - Orçamento Executivo_R02.xlsx,XPCon,Marena,CTN_XPC_MRN - Orçamento Executivo_R02.xlsx,Obra |Ger_Tec e Adm|Ger_Executivo|ESTIMATIVAS|Ensaios |EPCs|CANTEIRO|Estacas|Fundação Rasa|Infraestrutura|Supraestrutura|ALVENARIA|Tijolos refratários|Hidrossanitário|ELÉTRICO|ESTIMATIVA - SPDA|Piso Arm.Térreo|Tabela de Aço|PCI|Climatização,CANTEIRO,52000.0,,,,,ok,
G:\Drives compartilhados\03 CTN Projetos\2. Projetos em Andamento\_Entregas\Orçamento_executivo\XPCon\Marena\CTN-XPC_MRN - Apresentação Orçamento_R02.xlsx,XPCon,Marena,CTN-XPC_MRN - Apresentação Orçamento_R02.xlsx,ORÇAMENTO|ORÇAMENTO_EXECUTIVO|ANÁLISE_CUSTOS|CÁLCULO_MÉDIAS|AREAS PRIVATIVAS,,,,,,,ok,
G:\Drives compartilhados\03 CTN Projetos\2. Projetos em Andamento\_Entregas\Orçamento_executivo\XPCon\Porto Cerro\CTN_XPC_Porto Cerro - Orçamento_R01.xlsx,XPCon,Porto Cerro,CTN_XPC_Porto Cerro - Orçamento_R01.xlsx,Obra |Comparativo|Ger_Tec e Adm|Ger_Executivo|Esquadrias|EPCs|CANTEIRO|Ensaios |Estacas|Fundação Rasa|Aço_Infraestrutura|Supraestrutura|ALVENARIA ESTRUTURAL|Arquitetura|Complementares|PRECIFICAÇÃO ESQUADRIAS|Louças e metais|Instalações|GÁS|HIDRANTES,CANTEIRO,52000.0,,,,,ok,
G:\Drives compartilhados\03 CTN Projetos\2. Projetos em Andamento\_Entregas\Orçamento_executivo\XPCon\Porto Cerro\CTN_XPC_Porto Cerro - Orçamento_R01-ENTREGA.xlsx,XPCon,Porto Cerro,CTN_XPC_Porto Cerro - Orçamento_R01-ENTREGA.xlsx,Obra |Comparativo|Ger_Tec e Adm|Ger_Executivo|Esquadrias|EPCs|CANTEIRO|Ensaios |Estacas|Fundação Rasa|Aço_Infraestrutura|Supraestrutura|ALVENARIA ESTRUTURAL|Arquitetura|Complementares|PRECIFICAÇÃO ESQUADRIAS|Louças e metais|Instalações|GÁS|HIDRANTES,CANTEIRO,52000.0,,,,,ok,
G:\Drives compartilhados\03 CTN Projetos\2. Projetos em Andamento\_Entregas\Orçamento_executivo\WF\Aquarius\CTN_WF_AQUARIUS - Orçamento-R02.xlsx,WF,Aquarius,CTN_WF_AQUARIUS - Orçamento-R02.xlsx,Obra |VERSÕES|EPCs|CANTEIRO|Ensaios |Ger_Tec e Adm|Ger_Executivo|CPU|Insumos|MO PROPRIA|Estacas|Mov de Terra|Aço_Infraestrutura|Supraestrutura|Arquitetura|Esq|INSTALAÇÕES - RESUMO|HIDRO|HIDRO - PREÇO|PISCINA,,,,,,,ok,
G:\Drives compartilhados\03 CTN Projetos\2. Projetos em Andamento\_Entregas\Orçamento_executivo\WF\Aquarius\CTN-WF_AQU - Apresentação Orçamento - R02.xlsx,WF,Aquarius,CTN-WF_AQU - Apresentação Orçamento - R02.xlsx,GER_EXECUTIVO|ANÁLISE_CUSTOS|CÁLCULO_MÉDIAS|AREAS PRIVATIVAS,,,,,,,ok,
G:\Drives compartilhados\03 CTN Projetos\2. Projetos em Andamento\_Entregas\Orçamento_executivo\Terrassa\Dom Bosco\CTN-TRS-DBS - EAP_Comentada_R02.xlsx,Terrassa,Dom Bosco,CTN-TRS-DBS - EAP_Comentada_R02.xlsx,EAP|ABC_INSUMOS|ABC_SERVIÇOS|INSUMOS_ORÇADOS,,,,,,,ok,
G:\Drives compartilhados\03 CTN Projetos\2. Projetos em Andamento\_Entregas\Orçamento_executivo\Terrassa\Amaro\CTN-TRS-AMR -Orçamento-R01 .xlsx,Terrassa,Amaro,CTN-TRS-AMR -Orçamento-R01 .xlsx,CAPA|Resumo|Análise|Comparação Paramétrico|ORÇAMENTO_EXECUTIVO|ABC Serviço|ABC Insumos|Insumos - grupos|Composições,,,34406870.7328074,,,,ok,
G:\Drives compartilhados\03 CTN Projetos\2. Projetos em Andamento\_Entregas\Orçamento_executivo\Terrassa\Amaro\CTN-TRS-AMR - Apresentação de Orçamento - R01.xlsx,Terrassa,Amaro,CTN-TRS-AMR - Apresentação de Orçamento - R01.xlsx,ORÇAMENTO_EXECUTIVO|ANÁLISE_CUSTOS|AREAS PRIVATIVAS|CÁLCULO_MÉDIAS|COMPARAÇÃO PARAMÉTRICO,,,,,,,ok,
G:\Drives compartilhados\03 CTN Projetos\2. Projetos em Andamento\_Entregas\Orçamento_executivo\Somauma\Virgínia\CTN-SMU-VGN - Apresentação de Orçamento - R01.xlsx,Somauma,Virgínia,CTN-SMU-VGN - Apresentação de Orçamento - R01.xlsx,ORÇAMENTO_EXECUTIVO|ANÁLISE_CUSTOS|COMPARAÇÃO SOMAUMA|AREAS PRIVATIVAS|CÁLCULO_MÉDIAS,,,,,,,ok,
G:\Drives compartilhados\03 CTN Projetos\2. Projetos em Andamento\_Entregas\Orçamento_executivo\Somauma\Virgínia\CTN-SMU-VGN -Orçamento comentado-R00 .xlsx,Somauma,Virgínia,CTN-SMU-VGN -Orçamento comentado-R00 .xlsx,OBRA|CANTEIRO|EPC's|ORÇAMENTO_EXECUTIVO_COMENTADO|CONTROLE TECNOLÓGICO|ESCORAMENTO|CAIXAS-RESERVATORIOS,CANTEIRO,53000.0,32518198.721028965,,0.0016298565752267762,,ok,
G:\Drives compartilhados\03 CTN Projetos\2. Projetos em Andamento\_Entregas\Orçamento_executivo\Santo André\Lausanne\CTN_STA_LAU - Apresentação Orçamento - R00.xlsx,Santo André,Lausanne,CTN_STA_LAU - Apresentação Orçamento - R00.xlsx,EAP|ORÇAMENTO_EXECUTIVO|AREAS PRIVATIVAS|AREAS INDIVIDUAIS|ANÁLISE_AREAS INDIVIDUAIS|ANÁLISE_CUSTOS (2)|ANÁLISE_CUSTOS|CÁLCULO_MÉDIAS|ANÁLISE_CUSTOS LOTEAMENTO|ANÁLISE_CUSTOS LOTEAMENTO (2)|ANÁLISE_CUSTOS AREA COMUM|ANÁLISE_CUSTOS CASAS|COMPARAÇÃO ,,,,,,,ok,
G:\Drives compartilhados\03 CTN Projetos\2. Projetos em Andamento\_Entregas\Orçamento_executivo\Santo André\Belle Ville\CTN-STA-BVL - Orçamento_R01 - Entregavel.xlsx,Santo André,Belle Ville,CTN-STA-BVL - Orçamento_R01 - Entregavel.xlsx,Obra|Ger_Administrativo|Ger_Executivo|EPCs|CANTEIRO|BASES|Estacas|Fundação Rasa|Contenção|Supraestrutura|Aço_Infraestrutura|Contrapiso Armado|QUANT. ESTRUTURA PROJETISTA|ARQ. RES|Tijolos refratários|HIDROSSANITÁRIO|ELÉTRICA|PCI|GÁS|CLIMATIZAÇÃO,CANTEIRO,52000.0,,,,,ok,
G:\Drives compartilhados\03 CTN Projetos\2. Projetos em Andamento\_Entregas\Orçamento_executivo\Santo André\Belle Ville\CTN-STA- BLL - Apresentação Orçamento - R01 - Final.xlsx,Santo André,Belle Ville,CTN-STA- BLL - Apresentação Orçamento - R01 - Final.xlsx,ORÇAMENTO_PARCIAL|EAP|ORÇAMENTO_EXECUTIVO|ANÁLISE_CUSTOS PARCIAL|ANÁLISE_CUSTOS EXECUTIVO|CÁLCULO_MÉDIAS|COMPARAÇÃO|BARÃO|CAIO PRADO|54S - SPOT,,,,,,,ok,
G:\Drives compartilhados\03 CTN Projetos\2. Projetos em Andamento\_Entregas\Orçamento_executivo\Santa Maria\Unimed\CTN-STM-UNI - Gerenciamento_executivo_R01.xlsx,Santa Maria,Unimed,CTN-STM-UNI - Gerenciamento_executivo_R01.xlsx,Dados Gerais|Resumo|Movimentação de Terra|Infraestrutura|Supraestrutura|Alvenaria|Instalações|Sistemas especiais|Impermeabilização|Rev. Internos Piso e Parede|Acabamentos de Teto|Acabamentos de Piso e Parede|Pintura Interna|Esquadrias|Cobertura|Rev. Fachada|Complementares,,,,,,,ok,
G:\Drives compartilhados\03 CTN Projetos\2. Projetos em Andamento\_Entregas\Orçamento_executivo\Santa Maria\Z\CTN-STM-RSZ - Orçamento_Executivo_R07.xlsx,Santa Maria,Z,CTN-STM-RSZ - Orçamento_Executivo_R07.xlsx,Relatório,,,,,,,ok,
G:\Drives compartilhados\03 CTN Projetos\2. Projetos em Andamento\_Entregas\Orçamento_executivo\Santa Maria\Feat\CTN-STM-FET - Apresentação Orçamento_R00.xlsx,Santa Maria,Feat,CTN-STM-FET - Apresentação Orçamento_R00.xlsx,ORÇAMENTO_PARAMÉTRICO|ANÁLISE_CUSTOS|CÁLCULO_MÉDIAS,,,,,,,ok,
G:\Drives compartilhados\03 CTN Projetos\2. Projetos em Andamento\_Entregas\Orçamento_executivo\Adore\Level Up\CTN-ADR-LVU- Apresentação_R00.xlsx,Adore,Level Up,CTN-ADR-LVU- Apresentação_R00.xlsx,ORÇAMENTO EXECUTIVO|Versões|ANÁLISE_CUSTOS|AREAS_PRIVATIVAS|CÁLCULO_MÉDIAS,,,,,,,ok,
G:\Drives compartilhados\03 CTN Projetos\2. Projetos em Andamento\_Entregas\Orçamento_executivo\Adore\Cacupé\CTN-ADR-CCP  - Gerenciamento Executivo_R00.xlsx,Adore,Cacupé,CTN-ADR-CCP  - Gerenciamento Executivo_R00.xlsx,DADOS_INICIAIS|MOVIMENTAÇÃO_DE_TERRA|INFRAESTRUTURA|SUPRAESTRUTURA|INSTALAÇÕES|SISTEMAS ESPECIAIS|COMPLEMENTARES|ALVENARIA|Rev. Fachada|IMPERMEABILIZAÇÃO|Rev. Internos Piso e Parede|TETO|Acabamentos de Piso e Parede|PINTURA INTERNA|ESQUADRIAS|COBERTURA,,,,,,,ok,
G:\Drives compartilhados\03 CTN Projetos\2. Projetos em Andamento\_Entregas\Orçamento_executivo\Adore\Cacupé\CTN-ADR-CCP- Orçamento Preliminar-R00.xlsx,Adore,Cacupé,CTN-ADR-CCP- Orçamento Preliminar-R00.xlsx,Obra |CANTEIRO|EPC's|ORÇAMENTO|MO|CONTENÇÕES|OPÇÃO 1|OPÇÃO 2|Planilha1,CANTEIRO,32500.0,,,,,ok,
G:\Drives compartilhados\03 CTN Projetos\2. Projetos em Andamento\_Entregas\Orçamento_executivo\AJR\Spot One\CTN-AJR-TSO - Orçamento apresentação - R03.xlsx,AJR,Spot One,CTN-AJR-TSO - Orçamento apresentação - R03.xlsx,Gerenciamento executivo |Executivo,Gerenciamento executivo ,68882914.32,,,,,ok,
G:\Drives compartilhados\03 CTN Projetos\2. Projetos em Andamento\_Entregas\Orçamento_executivo\AJR\Spot One\CTN-AJR-TSO - ORÇAMENTO EXECUTIVO.xlsx,AJR,Spot One,CTN-AJR-TSO - ORÇAMENTO EXECUTIVO.xlsx,Relatório,,,,,,,ok,
G:\Drives compartilhados\03 CTN Projetos\2. Projetos em Andamento\_Entregas\Orçamento_executivo\ALL\Acácias JK\17_CTN_ALL_Acácias JK - Apresentação Orçamento - R04.xlsx,ALL,Acácias JK,17_CTN_ALL_Acácias JK - Apresentação Orçamento - R04.xlsx,ORÇAMENTO_EXECUTIVO|ANÁLISE_CUSTOS|CÁLCULO_MÉDIAS,,,,,,,ok,
G:\Drives compartilhados\03 CTN Projetos\2. Projetos em Andamento\_Entregas\Orçamento_executivo\ALL\Acácias JK\01_CTN_ALL_Acácias JK - Planilha_Orçamento_R04.xlsx,ALL,Acácias JK,01_CTN_ALL_Acácias JK - Planilha_Orçamento_R04.xlsx,CAPA|Resumo_Parede|OBRA|Quadro de Áreas|Resumo|Orçamento|Insumos|ABC Insumos Apoio|ABC Serviços Apoio|Custos Serviços|ABC Insumos|ABC Insumos_|ABC Serviços_|ABC Serviços|Levantamento Adcional |Cont.Tecnol.,,,,,,,ok,
G:\Drives compartilhados\03 CTN Projetos\2. Projetos em Andamento\_Entregas\Orçamento_executivo\ALL\Lago di Garda\01_CTN_ALL_LDG-Orçamento_R01.xlsx,ALL,Lago di Garda,01_CTN_ALL_LDG-Orçamento_R01.xlsx,CAPA|Quadro de Áreas|OBRA|Resumo|EAP_SINTETICO|EAP_ANALITICO|INSUMOS|ABC Serviços Apoio|Custos Serviços|Planilha1|PISCINA|MOBILIÁRIO|ESQUADRIAS|LOUÇAS E METAIS|Quantitativo|ABC Insumos Apoio|ABC Insumos|ABC Insumos_|ABC Serviços|ABC Serviços_,,,,,,,ok,
G:\Drives compartilhados\03 CTN Projetos\2. Projetos em Andamento\_Entregas\Orçamento_executivo\ARV\Ingleses Spot\CTN_ARV-SPT - Orçamento_R04.xlsx,ARV,Ingleses Spot,CTN_ARV-SPT - Orçamento_R04.xlsx,Validação Mi - 09092024|QUANTITATIVO|ÁREAS|Obra|EPC's|Canteiro|Controle Tecnologico|Ger_Tec e Adm|Ger_Executivo|Estacas|Arm. Estacas|Vigas Fundação|Blocos|Lajes Fundação|Arm. Fund. Dir|Supraestrutura|Protensão custo|Formas custo|Escoramento custo|ARQUITETURA,Canteiro,27000.0,,,,,ok,
G:\Drives compartilhados\03 CTN Projetos\2. Projetos em Andamento\_Entregas\Orçamento_executivo\AS Ramos\Paessaggio\CTN-ASR-PAE  - Apresentação Orçamento - R04.xlsx,AS Ramos,Paessaggio,CTN-ASR-PAE  - Apresentação Orçamento - R04.xlsx,ORÇAMENTO_EXECUTIVO|ANÁLISE_CUSTOS|AREAS PRIVATIVAS|MÃO DE OBRA|CÁLCULO_MÉDIAS,,,,,,,ok,
G:\Drives compartilhados\03 CTN Projetos\2. Projetos em Andamento\_Entregas\Orçamento_executivo\Be Brave\Meraki\CTN_BBV_MKR - Orçamento Executivo -R00.xlsx,Be Brave,Meraki,CTN_BBV_MKR - Orçamento Executivo -R00.xlsx,CPU|Obra |Ger_Tec e Adm|Ger_Executivo|CANTEIRO|EPCs|Estacas|Fundação Rasa |Aço_Infraestrutura|Supraestrutura|Arquitetura|Visus - Por Pavimento|MOBILIARIO|Louças e metais|BASES|INSTALAÇÕES |FACHADA APOIO|ESTIMATIVAS INSTALAÇÕES,CANTEIRO,52000.0,,,,,ok,
G:\Drives compartilhados\03 CTN Projetos\2. Projetos em Andamento\_Entregas\Orçamento_executivo\Beco Castelo\Chateau de Versailes\CTN_BCT-CTM - Orçamento_R01.xlsx,Beco Castelo,Chateau de Versailes,CTN_BCT-CTM - Orçamento_R01.xlsx,Formulario|Obra|EPCs|Canteiro|Ensaios|GER TEC E ADM|MO Infra|Composição forma blocos|GER EXECUTIVO|Comparativo|CPU|ARQ_GERAL|ARQ_SUBSOLO|ARQ_TÉRREO|ARQ_GARAGENS|ARQ_PILOTIS|ARQ_PAV1|ARQ_TIPOS|ARQ_ÁTICO|ARQ_MÁQ.BARR,Canteiro,33000.0,,,,,ok,
G:\Drives compartilhados\03 CTN Projetos\2. Projetos em Andamento\_Entregas\Orçamento_executivo\Blue Heaven\Monolyt\CTN_BHE-MON - Apresentação.xlsx,Blue Heaven,Monolyt,CTN_BHE-MON - Apresentação.xlsx,ORÇAMENTO_PRELIMINAR,,,,,,,ok,
G:\Drives compartilhados\03 CTN Projetos\2. Projetos em Andamento\_Entregas\Orçamento_executivo\Blue Heaven\Monolyt\CTN_BHE-MON - Orçamento.xlsx,Blue Heaven,Monolyt,CTN_BHE-MON - Orçamento.xlsx,Obra |Comparativo|EPCs|CANTEIRO|Ger_Tec e Adm|Ger_Executivo|ARQ|PISO|GUARDA_CORPO| PISCINA|FACHADA|MO Infra|Cotações|ESQUADRIAS|Controle Tecnologico|Arm. Cortina|Cortina|Tabela de Aço|Quantitativo aço|Escadas (2),CANTEIRO,22500.0,,,,,ok,
G:\Drives compartilhados\03 CTN Projetos\2. Projetos em Andamento\_Entregas\Orçamento_executivo\Blue Heaven\Aquos\CTN_BHE-AQO - Orçamento-R03.xlsx,Blue Heaven,Aquos,CTN_BHE-AQO - Orçamento-R03.xlsx,Obra |Comparativo|EPCs|CANTEIRO|Ensaios|PROJETOS E GERENCIAMENTO TÉCNIC|GERENCIAMENTO EXECUTIVO|Contenção|ARQ| PISO|PISCINA,,,,,,,ok,
G:\Drives compartilhados\03 CTN Projetos\2. Projetos em Andamento\_Entregas\Orçamento_executivo\Brasin\Mario Lago\CTN-BRS-RML-Apresentação Orçamento - R01.xlsx,Brasin,Mario Lago,CTN-BRS-RML-Apresentação Orçamento - R01.xlsx,Orçamento Resumo|Análise custos|Planilha2,,,,,,,ok,
G:\Drives compartilhados\03 CTN Projetos\2. Projetos em Andamento\_Entregas\Orçamento_executivo\Brasin\Redentor\CTN_BRS_RDT - Orçamento Executivo R01 - Entregavel.xlsb.xlsx,Brasin,Redentor,CTN_BRS_RDT - Orçamento Executivo R01 - Entregavel.xlsb.xlsx,Obra |Versões|Ger_Tec e Adm|Ger_Executivo|Sienge|ARQUITETURA|Equipamentos Especiais|PCI|LOUÇAS E METAIS|MOBILIÁRIO|ELÉTRICA|HIDROSSANITÁRIO|EPCs|Aço_Infraestrutura|Fundação Rasa|Estacas|Controle Tecnológico|Supraestrutura|Escoramento,,,,,,,ok,
G:\Drives compartilhados\03 CTN Projetos\2. Projetos em Andamento\_Entregas\Orçamento_executivo\Brava Construtora\Mar a Vista\CTN-BRV-MAV- Apresentação Orçamento - R01.xlsx,Brava Construtora,Mar a Vista,CTN-BRV-MAV- Apresentação Orçamento - R01.xlsx,ANÁLISE_CUSTOS|ORÇAMENTO_EXECUTIVO|CÁLCULO_MÉDIAS|Planilha2|RELATÓRIO,,,,,,,ok,
G:\Drives compartilhados\03 CTN Projetos\2. Projetos em Andamento\_Entregas\Orçamento_executivo\By Seasons\By Seasons\CTN-BSN-FSN  - Orçamento_R00.xlsx,By Seasons,By Seasons,CTN-BSN-FSN  - Orçamento_R00.xlsx,Obra|EPC's|Canteiro|Controle Tecnologico|Ger_Tec e Adm|Ger_Executivo|MO Infra|Composição forma blocos|Cotações|Sapatas|Blocos|Vigas Fundação|Arm. Cortina|Cortina|Tabela de Aço|Lajes Fundação|Duto e cisterna|Estacas|Movimentação de terra|Infraestrutura,Canteiro,27000.0,,,,,ok,
G:\Drives compartilhados\03 CTN Projetos\2. Projetos em Andamento\_Entregas\Orçamento_executivo\Caledonia MOWE\Caledonia MOWE\CTN_MFZ_MOWE - Apresentação Orçamento - R00.xlsx,Caledonia MOWE,Caledonia MOWE,CTN_MFZ_MOWE - Apresentação Orçamento - R00.xlsx,EAP|ORÇAMENTO_EXECUTIVO|ANÁLISE_CUSTOS |CÁLCULO_MÉDIAS|CÁLCULO_MÉDIAS (2)|ANÁLISE_CUSTOS LOTEAMENTO|COMPARAÇÃO ,,,,,,,ok,
G:\Drives compartilhados\03 CTN Projetos\2. Projetos em Andamento\_Entregas\Orçamento_executivo\Caledonia MOWE\Caledonia MOWE\CTN_MFZ_MOWE - Orçamento_R00.xlsx,Caledonia MOWE,Caledonia MOWE,CTN_MFZ_MOWE - Orçamento_R00.xlsx,Obra |EAP Análise|Ensaios |CANTEIRO|Ger_Tec e Adm|Ger_Executivo|ARQUITETURA|CPU|Insumos|Fundação Rasa|Aço_Infraestrutura|Supraestrutura|LAJE_TRELIÇADA|Tijolos refratários|COMUNICAÇÃO|INSTALAÇÕES|Louças e metais|MO Infra|Cotações|Estacas,,,,,,,ok,
G:\Drives compartilhados\03 CTN Projetos\2. Projetos em Andamento\_Entregas\Orçamento_executivo\Cambert Engenharia\Portal da Brava\Planilhas slide-R01.xlsx,Cambert Engenharia,Portal da Brava,Planilhas slide-R01.xlsx,Gerenciamento executivo |Executivo|Curva ABC|Planilha2|Planilha3,Gerenciamento executivo ,1282500.0,,,,,ok,
G:\Drives compartilhados\03 CTN Projetos\2. Projetos em Andamento\_Entregas\Orçamento_executivo\Cambert Engenharia\Portal da Brava\MTH - CAM_PBR - Orçamento_Executivo_R01.xlsx,Cambert Engenharia,Portal da Brava,MTH - CAM_PBR - Orçamento_Executivo_R01.xlsx,Relatório,,,,,,,ok,
G:\Drives compartilhados\03 CTN Projetos\2. Projetos em Andamento\_Entregas\Orçamento_executivo\Carraro\Vertice\CTN-CRR-VRT - Apresentação Orçamento - R00.xlsx,Carraro,Vertice,CTN-CRR-VRT - Apresentação Orçamento - R00.xlsx,Gerenciamento executivo |Gerenciamento_Exec|Executivo,Gerenciamento_Exec,64048587.76,,,,,ok,
G:\Drives compartilhados\03 CTN Projetos\2. Projetos em Andamento\_Entregas\Orçamento_executivo\CGL\Arbol 646\CTN_CGL-ARB - Orçamento_Executivo - R00.xlsx,CGL,Arbol 646,CTN_CGL-ARB - Orçamento_Executivo - R00.xlsx,Relatório,,,,,,,ok,
G:\Drives compartilhados\03 CTN Projetos\2. Projetos em Andamento\_Entregas\Orçamento_executivo\CGL\Arbol 646\CTN_CGL-ARB - Apresentação Orçamento - R00.xlsx,CGL,Arbol 646,CTN_CGL-ARB - Apresentação Orçamento - R00.xlsx,Gerenciamento executivo |Executivo - CASAS|CASA 01|CASA 02|CASA 03|CASA 04|COMPARATIVO,Gerenciamento executivo ,11323062.269999998,,,,,ok,
G:\Drives compartilhados\03 CTN Projetos\2. Projetos em Andamento\_Entregas\Orçamento_executivo\Chiquetti e Dalvesco\Atlantis\MTH_CHI-ATL - Orçamento Executivo_R04.xlsx,Chiquetti e Dalvesco,Atlantis,MTH_CHI-ATL - Orçamento Executivo_R04.xlsx,Relatório CUB 04-22|Relatório CUB 07-21,,,,,,,ok,
G:\Drives compartilhados\03 CTN Projetos\2. Projetos em Andamento\_Entregas\Orçamento_executivo\Chiquetti e Dalvesco\Nautilus\MTH_CHI-NAU - Orçamento Executivo_R00.xlsx,Chiquetti e Dalvesco,Nautilus,MTH_CHI-NAU - Orçamento Executivo_R00.xlsx,Relatório,,,,,,,ok,
G:\Drives compartilhados\03 CTN Projetos\2. Projetos em Andamento\_Entregas\Orçamento_executivo\Chiquetti e Dalvesco\Santorini\CTN-CHI-SAN - Orçamento_Executivo_R02.xlsx,Chiquetti e Dalvesco,Santorini,CTN-CHI-SAN - Orçamento_Executivo_R02.xlsx,Relatório,,,,,,,ok,
G:\Drives compartilhados\03 CTN Projetos\2. Projetos em Andamento\_Entregas\Orçamento_executivo\Chiquetti e Dalvesco\Esmeralda\CTN-CDV-ESM - Apresentação Orçamento_R00.xlsx,Chiquetti e Dalvesco,Esmeralda,CTN-CDV-ESM - Apresentação Orçamento_R00.xlsx,ORÇAMENTO_EXECUTIVO|MÃO DE OBRA|VERSÕES|VERSÕES_|ANÁLISE_CUSTOS|CÁLCULO_MÉDIAS|CONTRUTORA,,,,,,,ok,
G:\Drives compartilhados\03 CTN Projetos\2. Projetos em Andamento\_Entregas\Orçamento_executivo\Chiquetti e Dalvesco\Esmeralda\CTN-CDV-ESM - Orçamento -R00.xlsx,Chiquetti e Dalvesco,Esmeralda,CTN-CDV-ESM - Orçamento -R00.xlsx,BASES|Insumos|CPU|Obra |Ger_Tec e Adm|Ger_Executivo|Custo Empreiteiro|Supraestrutura|MOBILIÁRIO|Abamentos Especiais|EPCs|CANTEIRO|LOUÇAS E METAIS|Impermeabilização|ARQUITETURA|Estacas|Aço_Infraestrutura|Fundação Rasa|Contrapiso Armado|ESCORAMENTO,CANTEIRO,52000.0,,,,,ok,
G:\Drives compartilhados\03 CTN Projetos\2. Projetos em Andamento\_Entregas\Orçamento_executivo\Chiquetti e Dalvesco\Cielo\CTN_CDV-CST - Orçamento - Entregável.xlsx,Chiquetti e Dalvesco,Cielo,CTN_CDV-CST - Orçamento - Entregável.xlsx,Obra |Ger_Tec e Adm|EPCs|CANTEIRO|Ger_Executivo|Custo Empreiteiro|Estacas|Fundação Rasa|Aço_Infraestrutura|Supraestrutura|Arquiteturas|HIDROSSANITÁRIO|ELÉTRICAS|INSTALAÇÕES COMPLEMENTARES|LOUÇAS E METAIS|MOBILIÁRIO,CANTEIRO,52000.0,,,,,ok,
G:\Drives compartilhados\03 CTN Projetos\2. Projetos em Andamento\_Entregas\Orçamento_executivo\Chiquetti e Dalvesco\Bela Vida\CTN-CDV-BVD - Apresentação Orçamento_R01.xlsx,Chiquetti e Dalvesco,Bela Vida,CTN-CDV-BVD - Apresentação Orçamento_R01.xlsx,ORÇAMENTO_PRELIMINAR|ANÁLISE_CUSTOS|CÁLCULO_MÉDIAS|Planilha1 (2),,,,,,,ok,
G:\Drives compartilhados\03 CTN Projetos\2. Projetos em Andamento\_Entregas\Orçamento_executivo\Chiquetti e Dalvesco\Bela Vida\Orçamento Bela Vida - Cartesian - R02.xlsx,Chiquetti e Dalvesco,Bela Vida,Orçamento Bela Vida - Cartesian - R02.xlsx,Planilha Orçamento Sienge - BEL|CUSTOS_INDIRETOS|Orçamento Executivo|Or Analitico|Or Analitico - plan|Resumo|Cronograma,,,,,,,ok,
G:\Drives compartilhados\03 CTN Projetos\2. Projetos em Andamento\_Entregas\Orçamento_executivo\CK\Rooftop\MTH_CK-RFT_Orçamento Completo 01.04.2021.xlsx,CK,Rooftop,MTH_CK-RFT_Orçamento Completo 01.04.2021.xlsx,Relatório,,,,,,,ok,
G:\Drives compartilhados\03 CTN Projetos\2. Projetos em Andamento\_Entregas\Orçamento_executivo\CK\Duo Praia Brava\MTH_CK-DUO_Orçamento completo 21.05.2021.xlsx,CK,Duo Praia Brava,MTH_CK-DUO_Orçamento completo 21.05.2021.xlsx,Relatório,,,,,,,ok,
G:\Drives compartilhados\03 CTN Projetos\2. Projetos em Andamento\_Entregas\Orçamento_executivo\CK\Artefacto\CTN-CK _ART- Orçamento apresentação - R00.xlsx,CK,Artefacto,CTN-CK _ART- Orçamento apresentação - R00.xlsx,Gerenciamento executivo |Executivo_01,Gerenciamento executivo ,81985617.16,,,,,ok,
G:\Drives compartilhados\03 CTN Projetos\2. Projetos em Andamento\_Entregas\Orçamento_executivo\CK\Unique\MTH_CK-UNI_Orçamento completo 01.04.2021.xlsx,CK,Unique,MTH_CK-UNI_Orçamento completo 01.04.2021.xlsx,Relatório,,,,,,,ok,
G:\Drives compartilhados\03 CTN Projetos\2. Projetos em Andamento\_Entregas\Orçamento_executivo\CK\Smart São João\MTH_CK-SJ_Orçamento Completo 01.04.2021.xlsx,CK,Smart São João,MTH_CK-SJ_Orçamento Completo 01.04.2021.xlsx,Relatório,,,,,,,ok,
G:\Drives compartilhados\03 CTN Projetos\2. Projetos em Andamento\_Entregas\Orçamento_executivo\CK\Smart Navegantes\MTH_CK-NVT_Orçamento Completo 01.04.2021.xlsx,CK,Smart Navegantes,MTH_CK-NVT_Orçamento Completo 01.04.2021.xlsx,Relatório,,,,,,,ok,
G:\Drives compartilhados\03 CTN Projetos\2. Projetos em Andamento\_Entregas\Orçamento_executivo\CK\Habitah\CTN-CK _HBT- Orçamento apresentação - R01.xlsx,CK,Habitah,CTN-CK _HBT- Orçamento apresentação - R01.xlsx,Gerenciamento executivo |Executivo_01|Gerenciamento executivo  (2),,,,,,,ok,
G:\Drives compartilhados\03 CTN Projetos\2. Projetos em Andamento\_Entregas\Orçamento_executivo\CK\Urbe\CTN-CK-URB- Apresentação Orçamento - R02.xlsx,CK,Urbe,CTN-CK-URB- Apresentação Orçamento - R02.xlsx,Gerenciamento executivo |Gerenciamento_Exec|Planilha1|Orçamento Resumo,Gerenciamento_Exec,18090595.01,14187616.959462626,,1.2750975066277237,,ok,
G:\Drives compartilhados\03 CTN Projetos\2. Projetos em Andamento\_Entregas\Orçamento_executivo\CLN\Porto Ruby\CTN_CLN_PBY - Apresentação Orçamento.xlsx,CLN,Porto Ruby,CTN_CLN_PBY - Apresentação Orçamento.xlsx,GER_EXECUTIVO|Planilha1|ANÁLISE_CUSTOS|AREAS PRIVATIVAS|CÁLCULO_MÉDIAS|Versões,,,,,,,ok,
G:\Drives compartilhados\03 CTN Projetos\2. Projetos em Andamento\_Entregas\Orçamento_executivo\CLN\Porto Ruby\CTN_CLN_PBY - Orçamento - R01.xlsx,CLN,Porto Ruby,CTN_CLN_PBY - Orçamento - R01.xlsx,Obra |Ger_Tec e Adm|Ger_Executivo|EPCs|CANTEIRO|Controle Tec|EQUIPAMENTOS|Estacas|Fundação Rasa|Infraestrutura|Supraestrutura|ARQUITETURA|INTERFONIA |LOUÇAS E METAIS-PAV|LOUÇAS E METAIS|MOBILIÁRIO|Quantitativo aço|ESCADAS|Tijolos refratários|INTERFONIA,,,,,,,ok,
G:\Drives compartilhados\03 CTN Projetos\2. Projetos em Andamento\_Entregas\Orçamento_executivo\CN\Brava Valley\CTN-CN-BBV- Apresentação_Orçamento - R00.xlsx,CN,Brava Valley,CTN-CN-BBV- Apresentação_Orçamento - R00.xlsx,Gerenciamento executivo |Executivo |Planilha1,Gerenciamento executivo ,57502888.98999999,,,,,ok,
G:\Drives compartilhados\03 CTN Projetos\2. Projetos em Andamento\_Entregas\Orçamento_executivo\CN\Brava Ocean\CTN-CN-BVO- Apresentação_Orçamento - R00A.xlsx,CN,Brava Ocean,CTN-CN-BVO- Apresentação_Orçamento - R00A.xlsx,Orçamento resumo Bvo|ORÇAMENTO_EXECUTIVO|AREAS PRIVATIVAS|CN|ANÁLISE_CUSTOS|CÁLCULO_MÉDIAS|Estmiativa,,,,,,,ok,
G:\Drives compartilhados\03 CTN Projetos\2. Projetos em Andamento\_Entregas\Orçamento_executivo\CN\Brava Garden\CTN-CN-BGR- Apresentação_Orçamento - R00.xlsx,CN,Brava Garden,CTN-CN-BGR- Apresentação_Orçamento - R00.xlsx,Gerenciamento executivo |Executivo |Planilha1,Gerenciamento executivo ,45491117.37,,,,,ok,
G:\Drives compartilhados\03 CTN Projetos\2. Projetos em Andamento\_Entregas\Orçamento_executivo\Colline de France\Colline de France\CTN_COLLINE - Orçamento.xlsb.xlsx,Colline de France,Colline de France,CTN_COLLINE - Orçamento.xlsb.xlsx,PROJETOS|CPU|Insumos|BASES|Ensaios |CANTEIRO|Ger_Tec e Adm|MO Infra|Cotações|Obra_H |EPCs_Hotel|Ger_Executivo Hotel_H|Cortina_H|Arm. Cortina_H|Estacas_H|Fundação Rasa_H|Aço_Infraestrutura_H|Supraestrutura_H|Obra_R|EPCs_Residencial,,,,,,,ok,
G:\Drives compartilhados\03 CTN Projetos\2. Projetos em Andamento\_Entregas\Orçamento_executivo\Colline de France\Colline de France\CTN-COLLINE - Apresentação Orçamento - R00.xlsx,Colline de France,Colline de France,CTN-COLLINE - Apresentação Orçamento - R00.xlsx,ORÇAMENTO_PARAMÉTRICO|ORÇAMENTO_EXECUTIVO|ORÇAMENTO_Comparação|ANÁLISE_CUSTOS RESID|ANÁLISE_CUSTOS HOTEL|CÁLCULO_MÉDIAS RESID|CÁLCULO_MÉDIAS|AREA PRIVATIVA,,,,,,,ok,
G:\Drives compartilhados\03 CTN Projetos\2. Projetos em Andamento\_Entregas\Orçamento_executivo\Cota\365\CTN_COTA_365 - Orçamento_R00 - Entrega.xlsx,Cota,365,CTN_COTA_365 - Orçamento_R00 - Entrega.xlsx,Versões|Obra |Ger_Tec e Adm|Ger_Executivo|MÃO DE OBRA|DISTRIBUIÇÃO MO|EPCs|CANTEIRO|Estacas|Estrutura|Controle Tecnologico|Arquitetura|ESQUADRIAS|SISTEMAS ESPECIAIS|Louças e metais|COMPLEMENTARES|MO Infra|Cotações|Arm. Cortina|Cortina,CANTEIRO,7891.02,,,,,ok,
G:\Drives compartilhados\03 CTN Projetos\2. Projetos em Andamento\_Entregas\Orçamento_executivo\Cota\365\CTN-COT-365- Apresentação Orçamento.xlsx,Cota,365,CTN-COT-365- Apresentação Orçamento.xlsx,MÃO DE OBRA|ALVENARIA-DRYWALL|ORÇAMENTO_EXECUTIVO|ANÁLISE_CUSTOS VERSÕES|ANÁLISE_CUSTOS|AREA PRIVATIVA|CÁLCULO_MÉDIAS|ANÁLISE_CONSTRUTORA|VERSÕES|CONSTRUTORA,,,,,,,ok,
G:\Drives compartilhados\03 CTN Projetos\2. Projetos em Andamento\_Entregas\Orçamento_executivo\Dimas\PB2\CTN-DMS-DVR-Orçamento Atualizado-03.08.xlsx,Dimas,PB2,CTN-DMS-DVR-Orçamento Atualizado-03.08.xlsx,ORÇAMENTO_EXECUTIVO,,,,,,,ok,
G:\Drives compartilhados\03 CTN Projetos\2. Projetos em Andamento\_Entregas\Orçamento_executivo\Estilo Condomínios\Estilo condomínios\CTN-EST - VIS- Apresentação Orçamento - R00.xlsx,Estilo Condomínios,Estilo condomínios,CTN-EST - VIS- Apresentação Orçamento - R00.xlsx,Relatório|RESUMO|ORÇAMENTO_EXECUTIVO_TOTAL|ORÇAMENTO_EXECUTIVO_EDIFICAÇÕES|CÁLCULO_MÉDIAS,,,,,,,ok,
G:\Drives compartilhados\03 CTN Projetos\2. Projetos em Andamento\_Entregas\Orçamento_executivo\ETR Zion\Meridian Tower\CTN-ETR-MDT  - Orçamento_R01.xlsx,ETR Zion,Meridian Tower,CTN-ETR-MDT  - Orçamento_R01.xlsx,Obra|Ger_Adm|Ger_Executivo|EPC's|ARQUITETURA REV|ARQUITETURA|Tijolos refratários|Interiores|Estacas|Arm. Estacas|Blocos|Vigas Fundação|Tabela de Aço|Lajes Fundação|QUANTIITATIVOS|Supraestrutura|Instalações - Médias|INTERFONIA |Hidro-resumo|Hidro-Preço,,,,,,,ok,
G:\Drives compartilhados\03 CTN Projetos\2. Projetos em Andamento\_Entregas\Orçamento_executivo\Exito\Oiti\CTN-EXT-OIT - Orçamento_Executivo_R07.xlsx,Exito,Oiti,CTN-EXT-OIT - Orçamento_Executivo_R07.xlsx,Relatório,,,,,,,ok,
G:\Drives compartilhados\03 CTN Projetos\2. Projetos em Andamento\_Entregas\Orçamento_executivo\EZE\Eilat\CTN_EZE_ELT_Orçamento Executivo.xlsx,EZE,Eilat,CTN_EZE_ELT_Orçamento Executivo.xlsx,Relatório,,,,,,,ok,
G:\Drives compartilhados\03 CTN Projetos\2. Projetos em Andamento\_Entregas\Orçamento_executivo\EZE\Bella Vivie\CTN_EZE_BLV_ Apresentação Orçamento.xlsx,EZE,Bella Vivie,CTN_EZE_BLV_ Apresentação Orçamento.xlsx,ORÇAMENTO_EXECUTIVO|ANÁLISE_CUSTOS|CALCULO MÉDIAS|medias yellow|Relatório,,,,,,,ok,
G:\Drives compartilhados\03 CTN Projetos\2. Projetos em Andamento\_Entregas\Orçamento_executivo\EZE\Bella Vivie\CTN_EZE_BLV_Orçamento executivo.xlsx,EZE,Bella Vivie,CTN_EZE_BLV_Orçamento executivo.xlsx,Relatório,,,,,,,ok,
G:\Drives compartilhados\03 CTN Projetos\2. Projetos em Andamento\_Entregas\Orçamento_executivo\F Nogueira\WPR\CTN - FNG_WPR - Apresentação_Orçamento_R01.xlsx,F Nogueira,WPR,CTN - FNG_WPR - Apresentação_Orçamento_R01.xlsx,Gerenciamento executivo |Executivo|Planilha3,Gerenciamento executivo ,2568.0,,,,,ok,
G:\Drives compartilhados\03 CTN Projetos\2. Projetos em Andamento\_Entregas\Orçamento_executivo\F Nogueira\Soberano\CTN - FNG_SOB - Apresentação_Orçamento_R01.xlsx,F Nogueira,Soberano,CTN - FNG_SOB - Apresentação_Orçamento_R01.xlsx,Gerenciamento executivo |Executivo|Planilha3,,,,,,,ok,
G:\Drives compartilhados\03 CTN Projetos\2. Projetos em Andamento\_Entregas\Orçamento_executivo\FG\Blue Coast\CTN-FGE-BCO - Orçamento Executivo.xlsbR00.1 - Copia.xlsx,FG,Blue Coast,CTN-FGE-BCO - Orçamento Executivo.xlsbR00.1 - Copia.xlsx,Insumos|CPU|Versões|Obra |Ger_Executivo|ARQUITETURA|LOUÇAS E METAIS|ELÉTRICO|HIDROSSANITÁRIO|Exautão e Climatização|Escoramento|Supraestrutura|Estacas|Fundação Rasa|Canteiro|EPC's|PCI|TELEFONE|GÁS|MOBILIÁRIO,Canteiro,53500.0,,,,,ok,
G:\Drives compartilhados\03 CTN Projetos\2. Projetos em Andamento\_Entregas\Orçamento_executivo\FG\Blue Coast\CTN-FGE-BCO - Apresentação Orçamento - R00.xlsx,FG,Blue Coast,CTN-FGE-BCO - Apresentação Orçamento - R00.xlsx,Versões|ORÇAMENTO_COMPARATIVO|ORÇAMENTO_EXECUTIVO|ANÁLISE_CUSTOS|AREAS PRIVATIVAS|CÁLCULO_MÉDIAS,,,,,,,ok,
G:\Drives compartilhados\03 CTN Projetos\2. Projetos em Andamento\_Entregas\Orçamento_executivo\FG\Scenarium\CTN-FGE-SCN - Apresentação Orçamento - R00.xlsx,FG,Scenarium,CTN-FGE-SCN - Apresentação Orçamento - R00.xlsx,Relatório|ORÇAMENTO_EXECUTIVO|ANÁLISE_CUSTOS|CÁLCULO_MÉDIAS|AREAS_PRIVATIVAS,,,,,,,ok,
G:\Drives compartilhados\03 CTN Projetos\2. Projetos em Andamento\_Entregas\Orçamento_executivo\Fonseca Empreendimentos\Estoril\CTN_FSN_EST - Orçamento Executivo.xlsx,Fonseca Empreendimentos,Estoril,CTN_FSN_EST - Orçamento Executivo.xlsx,"PROJETOS|Obra |EAP Análise|EPCs|CANTEIRO|Controle Tecnologico|Ensaios |Cont.Tecnol.|Ger_Tec e Adm|Ger_Executivo|CPU|Insumos|CHURRASQUEIRAS E SHAFTS|Visus - Alvenaria|Visus - Rev. e Acab. de Parede|Visus - Piso|Visus - Soleiras|Visus - Teto|Visus - Telhado|Rufos, Pintura, garagem, pergol",CANTEIRO,52000.0,,,,,ok,
G:\Drives compartilhados\03 CTN Projetos\2. Projetos em Andamento\_Entregas\Orçamento_executivo\GDI\Playa Negra\CTN_GDI_PLY - Orçamento_R03.xlsx,GDI,Playa Negra,CTN_GDI_PLY - Orçamento_R03.xlsx,Obra|Canteiro|EPC's|Controle Tecnologico|Ger_Tec e Adm|Ger_Executivo|ORÇ MAO DE OBRA|MÃO DE OBRA |Planilha2|MO Infra|Composição forma blocos|Cotações|Sapatas|Tabela de Aço|Estrutura|Escadas|ARQ|Tijolos refratários|Resumo impermeabilização|Impermeabilização,,,6019.519399999998,,,,ok,
G:\Drives compartilhados\03 CTN Projetos\2. Projetos em Andamento\_Entregas\Orçamento_executivo\GMF\Moradas do Atalaia\CTN-GMF- ATA - Apresentação Orçamento - R00ok.xlsx,GMF,Moradas do Atalaia,CTN-GMF- ATA - Apresentação Orçamento - R00ok.xlsx,Planilha1|Relatório|ORÇAMENTO_EXECUTIVO|ANÁLISE_CUSTOS|CÁLCULO_MÉDIAS|AREAS_PRIVATIVAS|Dif. Altura,,,,,,,ok,
G:\Drives compartilhados\03 CTN Projetos\2. Projetos em Andamento\_Entregas\Orçamento_executivo\Grandezza\Gran Royal\CTN-GDZ_GRL- Apresentação Orçamento - R00.xlsx,Grandezza,Gran Royal,CTN-GDZ_GRL- Apresentação Orçamento - R00.xlsx,ORÇAMENTO_EXECUTIVO|ANÁLISE_CUSTOS|CONTRUTORA|CÁLCULO_MÉDIAS,,,,,,,ok,
G:\Drives compartilhados\03 CTN Projetos\2. Projetos em Andamento\_Entregas\Orçamento_executivo\Grandezza\Gran Royal\CTN-GDZ_GRL - Orçamento Executivo_R00.xlsx,Grandezza,Gran Royal,CTN-GDZ_GRL - Orçamento Executivo_R00.xlsx,CAPA|PROJETOS|Ger_Tec e Adm|Ger_Executivo|EAP Análise|EAP_STL|CPU|Insumos|BASES|EPCs|CANTEIRO|Cont.Tecnol.|Estacas|Fund. Rasa | Contenção|Resumo Estrutura|Escoramento,,,110111.73000000001,,,,ok,
G:\Drives compartilhados\03 CTN Projetos\2. Projetos em Andamento\_Entregas\Orçamento_executivo\Grandezza\Gran Tower\CTN-GRANDEZZA- Apresentação Orçamento - R01.xlsx,Grandezza,Gran Tower,CTN-GRANDEZZA- Apresentação Orçamento - R01.xlsx,ORÇAMENTO_EXECUTIVO|ANÁLISE_CUSTOS|CÁLCULO_MÉDIAS|RELATÓRIO,,,,,,,ok,
G:\Drives compartilhados\03 CTN Projetos\2. Projetos em Andamento\_Entregas\Orçamento_executivo\Grandezza\Gran Tower\CTN-GRD-GRANDEZZA- Orçamento comentado-R02.xlsx,Grandezza,Gran Tower,CTN-GRD-GRANDEZZA- Orçamento comentado-R02.xlsx,CAPA|Resumo|ORÇAMENTO_EXECUTIVO,,,21245650.53,,,,ok,
G:\Drives compartilhados\03 CTN Projetos\2. Projetos em Andamento\_Entregas\Orçamento_executivo\Grupo Duo\Mosaico\CTN_DUO_MSC - Orçamento Executivo-R00.xlsx,Grupo Duo,Mosaico,CTN_DUO_MSC - Orçamento Executivo-R00.xlsx,Obra |EPCs|CANTEIRO|Ensaios |Ger_Tec e Adm|Ger_Executivo|CPU|Estacas|Fundação Rasa|Aço_Infraestrutura|Supraestrutura|Arquitetura|Esq|INSTALAÇÕES - RESUMO|TELEFONECFTV|TELEFONE - PREÇO|PISCINA|INTERFONIA|PORTÕES|PCISPDAGÁS,CANTEIRO,9469.224,,,,,ok,
G:\Drives compartilhados\03 CTN Projetos\2. Projetos em Andamento\_Entregas\Orçamento_executivo\Grupo Duo\Colin\CTN_DUO_COL - Orçamento Executivo_R00.xlsx,Grupo Duo,Colin,CTN_DUO_COL - Orçamento Executivo_R00.xlsx,Obra |EPCs|CANTEIRO|Ensaios |BASES|Ger_Tec e Adm|Ger_Executivo|Insumos|CPU|Arquitetura|Estacas|Fundação Rasa|Aço_Infraestrutura|Diafragma|SUPRAESTRUTURA|INSTALAÇÕES - ESTIMATIVAS|HIDROSSANITÁRIO|ELÉTRICA|Telefone|SPDA,,,,,,,ok,
G:\Drives compartilhados\03 CTN Projetos\2. Projetos em Andamento\_Entregas\Orçamento_executivo\Hacasa\Brisa da Armação\CTN_HAC_BRS - Orçamento_R02.xlsb.xlsx,Hacasa,Brisa da Armação,CTN_HAC_BRS - Orçamento_R02.xlsb.xlsx,Obra |EPCs|CANTEIRO|Ensaios |BASES|ESQUADRIAS|MOBILIÁRIO|Ger_Tec e Adm|MO Infra|Cotações|Ger_Executivo|Visus|Estacas|Fundação Rasa|Supraestrutura|Aço_Infraestrutura|Controle Tecnologico|Arm. Cortina|Cortina|Tabela de Aço,CANTEIRO,52000.0,,,,,ok,
G:\Drives compartilhados\03 CTN Projetos\2. Projetos em Andamento\_Entregas\Orçamento_executivo\Holze\Sense 106\CTN_HOL_SNS - Orçamento.xlsx,Holze,Sense 106,CTN_HOL_SNS - Orçamento.xlsx,OBRA|EPC's|CANTEIRO|CONTROLE_TEC|ORÇAMENTO|MO Infra|Composições|Preços|Projeção torre|Cotações|Estacas|Arm. Estacas|Duto&Cisterna|Blocos|Arm. Cortina|Tabela de Aço|Vigas Fundação|Lajes Fundação|Pilares enterrados|Arm. Fund. Dir,CANTEIRO,33000.0,36876.469999999994,,0.8948795803936767,,ok,
G:\Drives compartilhados\03 CTN Projetos\2. Projetos em Andamento\_Entregas\Orçamento_executivo\Homeset\Homeset\CTN-HMS-HMG - Orçamento_Executivo - R01.xlsx,Homeset,Homeset,CTN-HMS-HMG - Orçamento_Executivo - R01.xlsx,Relatório,,,,,,,ok,
G:\Drives compartilhados\03 CTN Projetos\2. Projetos em Andamento\_Entregas\Orçamento_executivo\Homeset\Homeset\CTN-HMS-HMG - Apresentação Orçamento - R01.xlsx,Homeset,Homeset,CTN-HMS-HMG - Apresentação Orçamento - R01.xlsx,Orçamento Resumo|ANÁLISE-CTN|HOMESET|TORRE_01|TORRE_02|ÁREAS COMUNS,,,21873345.729972,,,,ok,
G:\Drives compartilhados\03 CTN Projetos\2. Projetos em Andamento\_Entregas\Orçamento_executivo\Inbrasul\Aguas de Março\CTN-INB-AGM-Apresentação Orçamento - R03.xlsx,Inbrasul,Aguas de Março,CTN-INB-AGM-Apresentação Orçamento - R03.xlsx,Orçamento Resumo|Análise custos|Planilha2,,,,,,,ok,
G:\Drives compartilhados\03 CTN Projetos\2. Projetos em Andamento\_Entregas\Orçamento_executivo\Inbrasul\Opus\CTN-INB-OPS-Apresentação Orçamento - R05.xlsx,Inbrasul,Opus,CTN-INB-OPS-Apresentação Orçamento - R05.xlsx,Orçamento Resumo|Análise custos|Planilha2,,,,,,,ok,
G:\Drives compartilhados\03 CTN Projetos\2. Projetos em Andamento\_Entregas\Orçamento_executivo\Indepy\Caio Prado\CTN_IDP_CPD - Orçamento Executivo_Entregável.xlsx,Indepy,Caio Prado,CTN_IDP_CPD - Orçamento Executivo_Entregável.xlsx,PROJETOS|Obra |Ger_Executivo|ARQUITETURA|IMPERMEABILIZAÇÃO|LOUÇAS E METAIS|MOBILIÁRIO|REVESTIMENTOS|TOTAL,,,,,,,ok,
G:\Drives compartilhados\03 CTN Projetos\2. Projetos em Andamento\_Entregas\Orçamento_executivo\Indepy\Stella Marina\Orçamento  Executivo Cartesian - devolutiva cartesian.xlsx,Indepy,Stella Marina,Orçamento  Executivo Cartesian - devolutiva cartesian.xlsx,Relatório|Orçamento - comparativo ,,,15896486.19,,,,ok,
G:\Drives compartilhados\03 CTN Projetos\2. Projetos em Andamento\_Entregas\Orçamento_executivo\Indepy\Stella Marina\CTN-IND-STL-Apresentação Orçamento - R01.xlsx,Indepy,Stella Marina,CTN-IND-STL-Apresentação Orçamento - R01.xlsx,Orçamento Resumo|Análise custos|Planilha2,,,,,,,ok,
G:\Drives compartilhados\03 CTN Projetos\2. Projetos em Andamento\_Entregas\Orçamento_executivo\Kirchner\Kirchner\CTN-KIR-WVR - ORÇAMENTO EXECUTIVO_ R03.xlsx,Kirchner,Kirchner,CTN-KIR-WVR - ORÇAMENTO EXECUTIVO_ R03.xlsx,Resumo|CUSTOS DIRETOS|CUSTOS INDIRETOS|CUSTOS DISPONIBILIZADOS|ESCAVAÇÕES|ESTACAS|BALDRAMES|SUPRAESTRUTURA|ESCORAMENTO|ALVENARIA|Verga e contra|REVESTIMENTOS|ARGAMASSADO EM ESTRUTURA|CHURRASQUEIRA|IMPER|HIDRÁULICAS|ESGOTO E PLUVIAL|LOUÇAS E METAIS|ELÉTRICA|EXAUSTÃO,,,30193806.235026874,,,,ok,
G:\Drives compartilhados\03 CTN Projetos\2. Projetos em Andamento\_Entregas\Orçamento_executivo\Libra Concept\Libra Conecpt\CTN-LBR-CPT- Apresentação_Orçamento_R01.xlsx,Libra Concept,Libra Conecpt,CTN-LBR-CPT- Apresentação_Orçamento_R01.xlsx,Gerenciamento executivo |Executivo |Auxiliar,Gerenciamento executivo ,8743172.620000001,,,,,ok,
G:\Drives compartilhados\03 CTN Projetos\2. Projetos em Andamento\_Entregas\Orçamento_executivo\Lotisa\Serenity\CTN-LOT_SER - Apresentação_Orçamento_Executivo_R05.xlsx,Lotisa,Serenity,CTN-LOT_SER - Apresentação_Orçamento_Executivo_R05.xlsx,Gerenciamento executivo |Executivo|ETAPAS,Gerenciamento executivo ,32021372.25,,,,,ok,
G:\Drives compartilhados\03 CTN Projetos\2. Projetos em Andamento\_Entregas\Orçamento_executivo\Lumis\Live\CTN-LUM-LIVE- Apresentação Orçamento - R00.xlsx,Lumis,Live,CTN-LUM-LIVE- Apresentação Orçamento - R00.xlsx,Gerenciamento executivo |Gerenciamento_Exec|OBRAS SIMILARES,,,,,,,ok,
G:\Drives compartilhados\03 CTN Projetos\2. Projetos em Andamento\_Entregas\Orçamento_executivo\Mabrem\Gran Torino\CTN-MBM-GRT- Apresentação Orçamento - R00.xlsx,Mabrem,Gran Torino,CTN-MBM-GRT- Apresentação Orçamento - R00.xlsx,ORÇAMENTO_EXECUTIVO|ANÁLISE_CUSTOS|CONTRUTORA|CÁLCULO_MÉDIAS|AREAS_PRIVATIVAS,,,,,,,ok,
G:\Drives compartilhados\03 CTN Projetos\2. Projetos em Andamento\_Entregas\Orçamento_executivo\Mabrem\Gran Torino\CTN-MBM-GRT- Orçamento comentado-R00.xlsx,Mabrem,Gran Torino,CTN-MBM-GRT- Orçamento comentado-R00.xlsx,CAPA|OBRA|EPC's|CANTEIRO|ORÇAMENTO_EXECUTIVO|MOBILIÁRIO R00,CANTEIRO,39000.0,37237429.533854425,,0.0010473333011491337,,ok,
G:\Drives compartilhados\03 CTN Projetos\2. Projetos em Andamento\_Entregas\Orçamento_executivo\Mabrem\San Marino\MTH_MAB-SAN_Orçamento completo 11.03.21.xlsx,Mabrem,San Marino,MTH_MAB-SAN_Orçamento completo 11.03.21.xlsx,Sheet1,,,,,,,ok,
G:\Drives compartilhados\03 CTN Projetos\2. Projetos em Andamento\_Entregas\Orçamento_executivo\Macom\Adda\CTN-MACOM-ADD-Apresentação_Orçamento_R02.xlsx,Macom,Adda,CTN-MACOM-ADD-Apresentação_Orçamento_R02.xlsx,Relatório (2)|ORÇAMENTO_EXECUTIVO|ORÇAMENTO_PRIVATIVA|ANÁLISE_CUSTOS|CÁLCULO_MÉDIAS,,,,,,,ok,
G:\Drives compartilhados\03 CTN Projetos\2. Projetos em Andamento\_Entregas\Orçamento_executivo\Macom\Villa Lobos\CTN-MACOM-VLB-Apresentação_Orçamento-R01.xlsx,Macom,Villa Lobos,CTN-MACOM-VLB-Apresentação_Orçamento-R01.xlsx,ORÇAMENTO_EXECUTIVO|ORÇAMENTO_PRIVATIVA|ANÁLISE_CUSTOS|CÁLCULO_MÉDIAS,,,,,,,ok,
G:\Drives compartilhados\03 CTN Projetos\2. Projetos em Andamento\_Entregas\Orçamento_executivo\Mendes Empreendimentos\Brava Mundo\CTN-MEN-BRA - Orçamento Executivo - R02.xlsx,Mendes Empreendimentos,Brava Mundo,CTN-MEN-BRA - Orçamento Executivo - R02.xlsx,Orçamento Resumo|Planilha1|Planilha2,,,20429157.700000003,,,,ok,
G:\Drives compartilhados\03 CTN Projetos\2. Projetos em Andamento\_Entregas\Orçamento_executivo\Mendes Empreendimentos\Brava Mundo\CTN-MEN-BRA - Orçamento Analítico - R02.xlsx,Mendes Empreendimentos,Brava Mundo,CTN-MEN-BRA - Orçamento Analítico - R02.xlsx,Relatório,,,,,,,ok,
G:\Drives compartilhados\03 CTN Projetos\2. Projetos em Andamento\_Entregas\Orçamento_executivo\Mendes Empreendimentos\Brava Sixteen\CTN-MEN-BVS - Orçamento_Executivo_R01.xlsx,Mendes Empreendimentos,Brava Sixteen,CTN-MEN-BVS - Orçamento_Executivo_R01.xlsx,Relatório,,,,,,,ok,
G:\Drives compartilhados\03 CTN Projetos\2. Projetos em Andamento\_Entregas\Orçamento_executivo\MG3\La Vie\2023.07.17 - MG3_LVI_ARQ_PE_R08b.xlsx,MG3,La Vie,2023.07.17 - MG3_LVI_ARQ_PE_R08b.xlsx,B02. TABELA DE ALVENARIAS|B03. TABELA DE ALVENARIAS GERAL|B04. TABELA REVEST PAREDES|B05. TABELA REVEST FACHADAS|B06. TABELA REVEST PISO|B07. TABELA CONTRAPISOS|B08. TABELA DE TETOS|B09. TABELA DE PORTAS GERAL|B10. TABELA DE JANELAS GERAL|B11. TABELA DE BRISES|B12. TABELA DE PAINEL DE VIDRO|CTN_TABELA DE RODAPÉS|CTN_TABELA IMPERMEABILIZAÇÃO PA|CTN_TABELA IMPERMEABILIZAÇÃO PI,,,,,,,ok,
G:\Drives compartilhados\03 CTN Projetos\2. Projetos em Andamento\_Entregas\Orçamento_executivo\MTF\M Haus\CTN-MTF-MHS - Orçamento_Executivo_R04_0.xlsx,MTF,M Haus,CTN-MTF-MHS - Orçamento_Executivo_R04_0.xlsx,Relatório,,,,,,,ok,
G:\Drives compartilhados\03 CTN Projetos\2. Projetos em Andamento\_Entregas\Orçamento_executivo\MTF\M Village Jardim\CTN-MTF-MVL - Apresentação Orçamento - R00.xlsx,MTF,M Village Jardim,CTN-MTF-MVL - Apresentação Orçamento - R00.xlsx,Gerenciamento executivo |Gerenciamento_Exec|Planilha1|Executivo,,,,,,,ok,
G:\Drives compartilhados\03 CTN Projetos\2. Projetos em Andamento\_Entregas\Orçamento_executivo\Muller Empreendimentos\Elleva\CTN_ANM-ELLEVA - Orçamento-R02.xlsx,Muller Empreendimentos,Elleva,CTN_ANM-ELLEVA - Orçamento-R02.xlsx,Resumo|Projeção torre|Escoramento - Manutenção|Custo MO Hidráulica|Estacas|Arm. Estacas|Blocos|Vigas Fundação|Tabela de Aço|Pilares de Arranque|Lajes Fundação|Arm. Fund. Dir|Supraestrutura|Armação Alvenaria Estr|QUANTITATIVO DE BLOCOS|Índice Alvenaria|Alvenaria ARQ|Diferença alvenarias|Mochetas|Peitoris,,,12939596.983865213,,,,ok,
G:\Drives compartilhados\03 CTN Projetos\2. Projetos em Andamento\_Entregas\Orçamento_executivo\Muller Empreendimentos\Guanabara\CTN-ANM-GNB-Apresentação Orçamento - R02.xlsx,Muller Empreendimentos,Guanabara,CTN-ANM-GNB-Apresentação Orçamento - R02.xlsx,Orçamento Resumo|Análise custos|Planilha1|Planilha2|Planilha2 (2),,,,,,,ok,
G:\Drives compartilhados\03 CTN Projetos\2. Projetos em Andamento\_Entregas\Orçamento_executivo\Mussi Empreendimentos\Soho\MUS_SOH-Orçamento.xlsx,Mussi Empreendimentos,Soho,MUS_SOH-Orçamento.xlsx,Relatório,,,,,,,ok,
G:\Drives compartilhados\03 CTN Projetos\2. Projetos em Andamento\_Entregas\Orçamento_executivo\Mussi Empreendimentos\Velazquez\MUS_VEZ - Orçamento executivo.xlsx,Mussi Empreendimentos,Velazquez,MUS_VEZ - Orçamento executivo.xlsx,Relatório,,,,,,,ok,
G:\Drives compartilhados\03 CTN Projetos\2. Projetos em Andamento\_Entregas\Orçamento_executivo\Mussi Empreendimentos\Brookliin\CTN-MSS-BRK - Orçamento Executivo - R01.xlsx,Mussi Empreendimentos,Brookliin,CTN-MSS-BRK - Orçamento Executivo - R01.xlsx,Orçamento Resumo|Planilha1,,,32561809.21,,,,ok,
G:\Drives compartilhados\03 CTN Projetos\2. Projetos em Andamento\_Entregas\Orçamento_executivo\Mussi Empreendimentos\Chelsea\CTN_MSS_CLS - Orçamento R02.xlsx,Mussi Empreendimentos,Chelsea,CTN_MSS_CLS - Orçamento R02.xlsx,Obra|Controle Tecnologico|CANTEIRO|EPC's|Ger_Tec e Adm|Cotações|Ger_Executivo|INSTALAÇÕES REV|ARQUITETURA|Tijolos refratários|Louças e metais|HIDROSANITÁRIO|INTERFONIA|PORTÕES|PISCINAS|RESERVATÓRIO-CISTERNA|MOBILIARIO|Infraestrutura|Movimentação de terra|Estacas,CANTEIRO,38000.0,,,,,ok,
G:\Drives compartilhados\03 CTN Projetos\2. Projetos em Andamento\_Entregas\Orçamento_executivo\MZ\Central Park\CTN-CPK - Orçamento_Executivo - R01.xlsx,MZ,Central Park,CTN-CPK - Orçamento_Executivo - R01.xlsx,Relatório,,,,,,,ok,
G:\Drives compartilhados\03 CTN Projetos\2. Projetos em Andamento\_Entregas\Orçamento_executivo\Neuhaus\Origem\CTN_NHS_ORG - Orçamento_R00.xlsx,Neuhaus,Origem,CTN_NHS_ORG - Orçamento_R00.xlsx,Apoio|CPU|Insumos|OBRA|Ger_Tec e Adm|Ger_Executivo|ARQUITETURA|FACHADA|IMPERMEABILIZAÇÃO|MOBILIÁRIO|LOUÇAS E METAIS|Piscina | Sauna | Hidro|Telefonico|Climatização Exaustão|PCI | GLP|Eletrico|Hidrossanitário|Supraestrutura|Escoramento|R$_Escoramento,PCI | GLP,737909.0872126786,,,,,ok,
G:\Drives compartilhados\03 CTN Projetos\2. Projetos em Andamento\_Entregas\Orçamento_executivo\Neuhaus\Botanico\NHS-BTN-AFP - Orçamento_Preliminar - R00.xlsx,Neuhaus,Botanico,NHS-BTN-AFP - Orçamento_Preliminar - R00.xlsx,Orçamento Resumo|Orçamento_Paramétrico|Planilha1,,,36708742.69526291,,,,ok,
G:\Drives compartilhados\03 CTN Projetos\2. Projetos em Andamento\_Entregas\Orçamento_executivo\NM Empreendimentos\CTN-NM-SÇH - Orçamento.R00.xlsx,NM Empreendimentos,CTN-NM-SÇH - Orçamento.R00.xlsx,CTN-NM-SÇH - Orçamento.R00.xlsx,Relatório,,,,,,,ok,
G:\Drives compartilhados\03 CTN Projetos\2. Projetos em Andamento\_Entregas\Orçamento_executivo\NM Empreendimentos\CTN_NME_SÇH_ Apresentação Orçamento.xlsx,NM Empreendimentos,CTN_NME_SÇH_ Apresentação Orçamento.xlsx,CTN_NME_SÇH_ Apresentação Orçamento.xlsx,Planilha1,,,,,,,ok,
G:\Drives compartilhados\03 CTN Projetos\2. Projetos em Andamento\_Entregas\Orçamento_executivo\Nobria\CTN-NBR-MBC - Apresentação Orçamento_R00.xlsx,Nobria,CTN-NBR-MBC - Apresentação Orçamento_R00.xlsx,CTN-NBR-MBC - Apresentação Orçamento_R00.xlsx,ORÇAMENTO_EXECUTIVO|ANÁLISE_CUSTOS|CÁLCULO_MÉDIAS,,,,,,,ok,
G:\Drives compartilhados\03 CTN Projetos\2. Projetos em Andamento\_Entregas\Orçamento_executivo\Nobria\CTN-NBR-MBC - Orçamento_Executivo_R00.xlsx,Nobria,CTN-NBR-MBC - Orçamento_Executivo_R00.xlsx,CTN-NBR-MBC - Orçamento_Executivo_R00.xlsx,Relatório,,,,,,,ok,
G:\Drives compartilhados\03 CTN Projetos\2. Projetos em Andamento\_Entregas\Orçamento_executivo\Nova Empreendimentos\Evora\CTN-NOV-EVR - Apresentação Orçamento - R01.xlsx,Nova Empreendimentos,Evora,CTN-NOV-EVR - Apresentação Orçamento - R01.xlsx,ORÇAMENTO_EXECUTIVO|MÃO DE OBRA|ANÁLISE_CUSTOS|CÁLCULO_MÉDIAS|AREAS PRIVATIVAS,,,,,,,ok,
G:\Drives compartilhados\03 CTN Projetos\2. Projetos em Andamento\_Entregas\Orçamento_executivo\Nova Empreendimentos\Evora\CTN-NOV-EVR -Orçamento comentado-R04.xlsx,Nova Empreendimentos,Evora,CTN-NOV-EVR -Orçamento comentado-R04.xlsx,CAPA|OBRA|EPC's|ORÇAMENTO_EXECUTIVO_COMENTADO|ESCAVAÇÕES|INFRAESTRUTURA|ESTRUTURA|LAJE_TRELIÇADA|Refratários|IMPERMEABILIZAÇÃO,,,21291304.164644517,,,,ok,
G:\Drives compartilhados\03 CTN Projetos\2. Projetos em Andamento\_Entregas\Orçamento_executivo\Nova Empreendimentos\Malaga\CTN-NOV-MLG - Apresentação Orçamento - R01.xlsx,Nova Empreendimentos,Malaga,CTN-NOV-MLG - Apresentação Orçamento - R01.xlsx,orçamento|ORÇAMENTO_EXECUTIVO|ANÁLISE_CUSTOS|CÁLCULO_MÉDIAS|AREAS PRIVATIVAS,,,,,,,ok,
G:\Drives compartilhados\03 CTN Projetos\2. Projetos em Andamento\_Entregas\Orçamento_executivo\Nova Empreendimentos\Malta\CTN_NOV_MTA - Orçamento R03.xlsx,Nova Empreendimentos,Malta,CTN_NOV_MTA - Orçamento R03.xlsx,Obra |EPCs|CANTEIRO|Ensaios |BASES|1 - ADM|2 - MAT|3 - MOE|MO|Imperm |Estacas|Contenções|Arm. Cortina|Fundação Rasa|Infraestrutura|Supraestrutura|QUANTITATIVO|LAJE_TRELIÇADA|Escoramento|Escadas,CANTEIRO,52000.0,,,,,ok,
G:\Drives compartilhados\03 CTN Projetos\2. Projetos em Andamento\_Entregas\Orçamento_executivo\Nova Empreendimentos\Domus\CTN-NOV-DOM - Orçamento Executivo_R00 - MOE.xlsx,Nova Empreendimentos,Domus,CTN-NOV-DOM - Orçamento Executivo_R00 - MOE.xlsx,CONTRUTORA|MÃO DE OBRA|CAPA|1 - ADM|2 - MAT|3 - MOE|EAP Análise|ARQUITETURA|EPCs|CANTEIRO|LAJE_TRELIÇADA|QUANTITATIVO|Resumo Estrutura|Fund. Rasa | Contenção|Cont.Tecnol.|Estacas|COMPLEMENTARES|INSTALAÇÕES |PCI|CLIMATIZAÇÃO,CANTEIRO,52000.0,,,,,ok,
G:\Drives compartilhados\03 CTN Projetos\2. Projetos em Andamento\_Entregas\Orçamento_executivo\Paludo\Barbados\MTH - PAL_BAR - Apresentação_Orçamento_R00.xlsx,Paludo,Barbados,MTH - PAL_BAR - Apresentação_Orçamento_R00.xlsx,Gerenciamento executivo |Executivo|Planilha3,Gerenciamento executivo ,4414695.110999999,,,,,ok,
G:\Drives compartilhados\03 CTN Projetos\2. Projetos em Andamento\_Entregas\Orçamento_executivo\Paludo\Nassau\CTN-NAS - Apresentação Orçamento_R01.xlsx,Paludo,Nassau,CTN-NAS - Apresentação Orçamento_R01.xlsx,Gerenciamento executivo |Executivo|Planilha3,Gerenciamento executivo ,3413800.1599999997,,,,,ok,
G:\Drives compartilhados\03 CTN Projetos\2. Projetos em Andamento\_Entregas\Orçamento_executivo\Paludo\Nassau\CTN-NSS - Orçamento_Executivo_R01.xlsx,Paludo,Nassau,CTN-NSS - Orçamento_Executivo_R01.xlsx,Relatório,,,,,,,ok,
G:\Drives compartilhados\03 CTN Projetos\2. Projetos em Andamento\_Entregas\Orçamento_executivo\Paludo\Urban Life\CTN-PAL-UL- Apresentação_Orçamento_R01.xlsx,Paludo,Urban Life,CTN-PAL-UL- Apresentação_Orçamento_R01.xlsx,Gerenciamento executivo |Executivo |Auxiliar,Gerenciamento executivo ,16153121.329999998,,,,,ok,
G:\Drives compartilhados\03 CTN Projetos\2. Projetos em Andamento\_Entregas\Orçamento_executivo\Paludo\Volo Home\CTN_PAL_VLH_Orçamento_Executivo_R01.xlsx,Paludo,Volo Home,CTN_PAL_VLH_Orçamento_Executivo_R01.xlsx,Relatório,,,,,,,ok,
G:\Drives compartilhados\03 CTN Projetos\2. Projetos em Andamento\_Entregas\Orçamento_executivo\Paludo\Volo Ocean\CTN_VOL_PAL_Apresentação_Orçamento_R02.xlsx,Paludo,Volo Ocean,CTN_VOL_PAL_Apresentação_Orçamento_R02.xlsx,Gerenciamento executivo |Executivo |Auxiliar,,,,,,,ok,
G:\Drives compartilhados\03 CTN Projetos\2. Projetos em Andamento\_Entregas\Orçamento_executivo\Parkside\Trindade\CTN_PKS_TRI - Apresentação Orçamento _Executivo - R00.xlsx,Parkside,Trindade,CTN_PKS_TRI - Apresentação Orçamento _Executivo - R00.xlsx,ORÇAMENTO_PARAMETRICO|ORÇAMENTO_EXECUTIVO|ANÁLISE_CUSTOS|VERSÕES|CÁLCULO_MÉDIAS,,,,,,,ok,
G:\Drives compartilhados\03 CTN Projetos\2. Projetos em Andamento\_Entregas\Orçamento_executivo\Parkside\Trindade\CTN_PKS_TRI - Orçamento_R00.xlsx,Parkside,Trindade,CTN_PKS_TRI - Orçamento_R00.xlsx,BASES|Insumos|CPU|Versões|Obra |Ger_Tec e Adm|Ger_Executivo|Custos Enxoval|Louças e metais|Arquitetura|EPCs|CANTEIRO|Fundação Rasa|Aço_Infraestrutura|Supraestrutura|CLIMATIZAÇÃO|TELEFONE|SPDA|PCI|HIDROSSANITÁRIO,,,,,,,ok,
G:\Drives compartilhados\03 CTN Projetos\2. Projetos em Andamento\_Entregas\Orçamento_executivo\Pass-e\Barão de Albuquerque\MTH_PAS-BAR - Orçamento_Executivo_R02.xlsx,Pass-e,Barão de Albuquerque,MTH_PAS-BAR - Orçamento_Executivo_R02.xlsx,Relatório,,,,,,,ok,
G:\Drives compartilhados\03 CTN Projetos\2. Projetos em Andamento\_Entregas\Orçamento_executivo\Pass-e\Belissimo\CTN-PAS-BEL-Apresentação Orçamento - R01.xlsx,Pass-e,Belissimo,CTN-PAS-BEL-Apresentação Orçamento - R01.xlsx,Orçamento Resumo|Análise custos|Planilha2,,,30984116.579999994,,,,ok,
G:\Drives compartilhados\03 CTN Projetos\2. Projetos em Andamento\_Entregas\Orçamento_executivo\Pass-e\Celebration\CTN-PAS-CLB- Apresentação Orçamento - R02.xlsx,Pass-e,Celebration,CTN-PAS-CLB- Apresentação Orçamento - R02.xlsx,Relatório|ORÇAMENTO_EXECUTIVO|ORÇAMENTO_PRIVATIVA|ANÁLISE_CUSTOS|EXCLUSÃO_CUB|CÁLCULO_MÉDIAS,,,,,,,ok,
G:\Drives compartilhados\03 CTN Projetos\2. Projetos em Andamento\_Entregas\Orçamento_executivo\Pass-e\Connect\CTN-PAS-CNC - Orçamento_R06.xlsx,Pass-e,Connect,CTN-PAS-CNC - Orçamento_R06.xlsx,BASES|Apoio|CPU|Insumos|Obra |Versões|Ger_Tec e Adm|EPCs|CANTEIRO|Ger_Executivo|ARQUITETURA|Aço_Infraestrutura|Supraestrutura|SISTEMAS ESPECIAIS|PISCINAS |MOBILIÁRIO|LOUÇAS E METAIS|Fundação Rasa|Estacas|HIDROSSANITÁRIO_Qtvos,CANTEIRO,52000.0,,,,,ok,
G:\Drives compartilhados\03 CTN Projetos\2. Projetos em Andamento\_Entregas\Orçamento_executivo\Pass-e\Connect\CTN-PAS-CNC - Orçamento_R06_entregável.xlsx,Pass-e,Connect,CTN-PAS-CNC - Orçamento_R06_entregável.xlsx,Obra |Versões|Ger_Tec e Adm|EPCs|CANTEIRO|Ger_Executivo|ARQUITETURA|Aço_Infraestrutura|Supraestrutura|SISTEMAS ESPECIAIS|PISCINAS |MOBILIÁRIO|LOUÇAS E METAIS|Fundação Rasa|Estacas|HIDROSSANITÁRIO_Qtvos|HIDROSSANITÁRIO_ESTIMATIVA|ELÉTRICA_Qtvos|ELÉTRICA_ESTIMATIVA|PPCI-ESTIMATIVA,CANTEIRO,52000.0,,,,,ok,
G:\Drives compartilhados\03 CTN Projetos\2. Projetos em Andamento\_Entregas\Orçamento_executivo\Pass-e\Connect\CTN-PAS-CNC- Apresentação Orçamento - R01.xlsx,Pass-e,Connect,CTN-PAS-CNC- Apresentação Orçamento - R01.xlsx,ORÇAMENTO_EXECUTIVO|ANÁLISE_CUSTOS|AREA PRIVATIVA|VERSÕES|CÁLCULO_MÉDIAS|CONTRUTORA|SUPRAESTRUTURA,,,,,,,ok,
G:\Drives compartilhados\03 CTN Projetos\2. Projetos em Andamento\_Entregas\Orçamento_executivo\Pass-e\Passione\CTN_PAS_PSN - Orçamento_R05.xlsb.xlsx,Pass-e,Passione,CTN_PAS_PSN - Orçamento_R05.xlsb.xlsx,Ensaios |Insumos|CPU|BASES|PROJETOS|Obra |Versões|Ger_Tec e Adm|EPCs|CANTEIRO|Ger_Executivo|Arquitetura|LOUÇAS E METAIS|Estacas|Supraestrutura|Aço_Infraestrutura|Fundação Rasa|ELÉTRICA_ESTIMATIVA|HIDROSSANITÁRIO_ESTIMATIVA|PPCI-ESTIMATIVA,CANTEIRO,52000.0,,,,,ok,
G:\Drives compartilhados\03 CTN Projetos\2. Projetos em Andamento\_Entregas\Orçamento_executivo\Pass-e\Vancouver\CTN - PAS_VCV - Apresentação_Orçamento_R03.xlsx,Pass-e,Vancouver,CTN - PAS_VCV - Apresentação_Orçamento_R03.xlsx,Gerenciamento executivo |Executivo|Planilha3,Gerenciamento executivo ,13723452.47,,,,,ok,
G:\Drives compartilhados\03 CTN Projetos\2. Projetos em Andamento\_Entregas\Orçamento_executivo\Pavcor\CTN-PVC_CNQ - Orçamento Executivo_R01-Entregável.xlsx,Pavcor,CTN-PVC_CNQ - Orçamento Executivo_R01-Entregável.xlsx,CTN-PVC_CNQ - Orçamento Executivo_R01-Entregável.xlsx,CAPA|EAP|Ger_Tec e Adm|Ger_Executivo|CPU|Insumos|CANTEIRO|EPCs|Cont.Tecnol.|Estacas|Fund. Rasa | Contenção|Supra pilares|Resumo Estrutura|Escoramento|ARQUITETURA|HIDROSSANITÁRIO|ELÉTRICA|PPCI |LEVANTAMENTO MANUAL|Exautão e Climatização,,,,,,,ok,
G:\Drives compartilhados\03 CTN Projetos\2. Projetos em Andamento\_Entregas\Orçamento_executivo\Rosner\Reserva São Vicente\CTN_RSN-RSV - Orçamento_R01.xlsx,Rosner,Reserva São Vicente,CTN_RSN-RSV - Orçamento_R01.xlsx,Obra|Canteiro|EPC's|Ensaios|ORÇAMENTO|ARQUITETURA|ESTACAS|INFRA|Blocos|Vigas Fundação|SUPRA|Vigas|Lajes|Escada|INSTALAÇÕES|HIDRO|HIDRO - Insumos|ELETR|ELETR - Insumos|PREV,Canteiro,50500.0,,,,,ok,
G:\Drives compartilhados\03 CTN Projetos\2. Projetos em Andamento\_Entregas\Orçamento_executivo\SAK Engenharia\CTN-SAK-AUS- Apresentação Orçamento - R00.xlsx,SAK Engenharia,CTN-SAK-AUS- Apresentação Orçamento - R00.xlsx,CTN-SAK-AUS- Apresentação Orçamento - R00.xlsx,ORÇAMENTO_EXECUTIVO|ANÁLISE_CUSTOS|CÁLCULO_MÉDIAS|ORÇAMENTO_PARAMÉTRICO,,,,,,,ok,
G:\Drives compartilhados\03 CTN Projetos\2. Projetos em Andamento\_Entregas\Orçamento_executivo\SAK Engenharia\CTN_SAK_Orçamento_executivo_R00.xlsx,SAK Engenharia,CTN_SAK_Orçamento_executivo_R00.xlsx,CTN_SAK_Orçamento_executivo_R00.xlsx,Relatório,,,,,,,ok,
